"filename", "language", "XML", "C++", "CMake", "Shell Script", "Markdown", "Lua", "C", "YAML", "Python", "Objective-C++", "Objective-C", "CSS", "HTML", "GLSL", "Batch", "SCSS", "Groovy", "reStructuredText", "comment", "blank", "total"
"d:\Study\bishe2023.1\dev\XRengine\XRengine\3rdparty\GLFW\.appveyor.yml", "YAML", 0, 0, 0, 0, 0, 0, 0, 47, 0, 0, 0, 0, 0, 0, 0, 0, 0, 0, 0, 1, 48
"d:\Study\bishe2023.1\dev\XRengine\XRengine\3rdparty\GLFW\.github\workflows\build.yml", "YAML", 0, 0, 0, 0, 0, 0, 0, 80, 0, 0, 0, 0, 0, 0, 0, 0, 0, 0, 0, 14, 94
"d:\Study\bishe2023.1\dev\XRengine\XRengine\3rdparty\GLFW\CMakeLists.txt", "CMake", 0, 0, 125, 0, 0, 0, 0, 0, 0, 0, 0, 0, 0, 0, 0, 0, 0, 0, 18, 37, 180
"d:\Study\bishe2023.1\dev\XRengine\XRengine\3rdparty\GLFW\CMake\GenerateMappings.cmake", "CMake", 0, 0, 38, 0, 0, 0, 0, 0, 0, 0, 0, 0, 0, 0, 0, 0, 0, 0, 2, 9, 49
"d:\Study\bishe2023.1\dev\XRengine\XRengine\3rdparty\GLFW\CMake\i686-w64-mingw32-clang.cmake", "CMake", 0, 0, 10, 0, 0, 0, 0, 0, 0, 0, 0, 0, 0, 0, 0, 0, 0, 0, 2, 2, 14
"d:\Study\bishe2023.1\dev\XRengine\XRengine\3rdparty\GLFW\CMake\i686-w64-mingw32.cmake", "CMake", 0, 0, 10, 0, 0, 0, 0, 0, 0, 0, 0, 0, 0, 0, 0, 0, 0, 0, 2, 2, 14
"d:\Study\bishe2023.1\dev\XRengine\XRengine\3rdparty\GLFW\CMake\modules\FindEpollShim.cmake", "CMake", 0, 0, 8, 0, 0, 0, 0, 0, 0, 0, 0, 0, 0, 0, 0, 0, 0, 0, 6, 4, 18
"d:\Study\bishe2023.1\dev\XRengine\XRengine\3rdparty\GLFW\CMake\modules\FindOSMesa.cmake", "CMake", 0, 0, 6, 0, 0, 0, 0, 0, 0, 0, 0, 0, 0, 0, 0, 0, 0, 0, 8, 5, 19
"d:\Study\bishe2023.1\dev\XRengine\XRengine\3rdparty\GLFW\CMake\x86_64-w64-mingw32-clang.cmake", "CMake", 0, 0, 10, 0, 0, 0, 0, 0, 0, 0, 0, 0, 0, 0, 0, 0, 0, 0, 2, 2, 14
"d:\Study\bishe2023.1\dev\XRengine\XRengine\3rdparty\GLFW\CMake\x86_64-w64-mingw32.cmake", "CMake", 0, 0, 10, 0, 0, 0, 0, 0, 0, 0, 0, 0, 0, 0, 0, 0, 0, 0, 2, 2, 14
"d:\Study\bishe2023.1\dev\XRengine\XRengine\3rdparty\GLFW\CONTRIBUTORS.md", "Markdown", 0, 0, 0, 0, 232, 0, 0, 0, 0, 0, 0, 0, 0, 0, 0, 0, 0, 0, 0, 4, 236
"d:\Study\bishe2023.1\dev\XRengine\XRengine\3rdparty\GLFW\LICENSE.md", "Markdown", 0, 0, 0, 0, 16, 0, 0, 0, 0, 0, 0, 0, 0, 0, 0, 0, 0, 0, 0, 8, 24
"d:\Study\bishe2023.1\dev\XRengine\XRengine\3rdparty\GLFW\README.md", "Markdown", 0, 0, 0, 0, 279, 0, 0, 0, 0, 0, 0, 0, 0, 0, 0, 0, 0, 0, 0, 46, 325
"d:\Study\bishe2023.1\dev\XRengine\XRengine\3rdparty\GLFW\deps\getopt.c", "C", 0, 0, 0, 0, 0, 0, 109, 0, 0, 0, 0, 0, 0, 0, 0, 0, 0, 0, 89, 33, 231
"d:\Study\bishe2023.1\dev\XRengine\XRengine\3rdparty\GLFW\deps\getopt.h", "C++", 0, 23, 0, 0, 0, 0, 0, 0, 0, 0, 0, 0, 0, 0, 0, 0, 0, 0, 25, 10, 58
"d:\Study\bishe2023.1\dev\XRengine\XRengine\3rdparty\GLFW\deps\glad\gl.h", "C++", 0, 5658, 0, 0, 0, 0, 0, 0, 0, 0, 0, 0, 0, 0, 0, 0, 0, 0, 183, 156, 5997
"d:\Study\bishe2023.1\dev\XRengine\XRengine\3rdparty\GLFW\deps\glad\gles2.h", "C++", 0, 1467, 0, 0, 0, 0, 0, 0, 0, 0, 0, 0, 0, 0, 0, 0, 0, 0, 183, 156, 1806
"d:\Study\bishe2023.1\dev\XRengine\XRengine\3rdparty\GLFW\deps\glad\vulkan.h", "C++", 0, 3998, 0, 0, 0, 0, 0, 0, 0, 0, 0, 0, 0, 0, 0, 0, 0, 0, 66, 549, 4613
"d:\Study\bishe2023.1\dev\XRengine\XRengine\3rdparty\GLFW\deps\linmath.h", "C++", 0, 518, 0, 0, 0, 0, 0, 0, 0, 0, 0, 0, 0, 0, 0, 0, 0, 0, 20, 69, 607
"d:\Study\bishe2023.1\dev\XRengine\XRengine\3rdparty\GLFW\deps\mingw\_mingw_dxhelper.h", "C++", 0, 102, 0, 0, 0, 0, 0, 0, 0, 0, 0, 0, 0, 0, 0, 0, 0, 0, 6, 10, 118
"d:\Study\bishe2023.1\dev\XRengine\XRengine\3rdparty\GLFW\deps\mingw\dinput.h", "C++", 0, 2090, 0, 0, 0, 0, 0, 0, 0, 0, 0, 0, 0, 0, 0, 0, 0, 0, 188, 190, 2468
"d:\Study\bishe2023.1\dev\XRengine\XRengine\3rdparty\GLFW\deps\mingw\xinput.h", "C++", 0, 128, 0, 0, 0, 0, 0, 0, 0, 0, 0, 0, 0, 0, 0, 0, 0, 0, 79, 33, 240
"d:\Study\bishe2023.1\dev\XRengine\XRengine\3rdparty\GLFW\deps\nuklear.h", "C++", 0, 18935, 0, 0, 0, 0, 0, 0, 0, 0, 0, 0, 0, 0, 0, 0, 0, 0, 4984, 1860, 25779
"d:\Study\bishe2023.1\dev\XRengine\XRengine\3rdparty\GLFW\deps\nuklear_glfw_gl2.h", "C++", 0, 311, 0, 0, 0, 0, 0, 0, 0, 0, 0, 0, 0, 0, 0, 0, 0, 0, 28, 43, 382
"d:\Study\bishe2023.1\dev\XRengine\XRengine\3rdparty\GLFW\deps\stb_image_write.h", "C++", 0, 764, 0, 0, 0, 0, 0, 0, 0, 0, 0, 0, 0, 0, 0, 0, 0, 0, 175, 110, 1049
"d:\Study\bishe2023.1\dev\XRengine\XRengine\3rdparty\GLFW\deps\tinycthread.c", "C", 0, 0, 0, 0, 0, 0, 472, 0, 0, 0, 0, 0, 0, 0, 0, 0, 0, 0, 60, 63, 595
"d:\Study\bishe2023.1\dev\XRengine\XRengine\3rdparty\GLFW\deps\tinycthread.h", "C++", 0, 138, 0, 0, 0, 0, 0, 0, 0, 0, 0, 0, 0, 0, 0, 0, 0, 0, 255, 51, 444
"d:\Study\bishe2023.1\dev\XRengine\XRengine\3rdparty\GLFW\deps\vs2008\stdint.h", "C++", 0, 152, 0, 0, 0, 0, 0, 0, 0, 0, 0, 0, 0, 0, 0, 0, 0, 0, 55, 41, 248
"d:\Study\bishe2023.1\dev\XRengine\XRengine\3rdparty\GLFW\docs\CMakeLists.txt", "CMake", 0, 0, 35, 0, 0, 0, 0, 0, 0, 0, 0, 0, 0, 0, 0, 0, 0, 0, 3, 9, 47
"d:\Study\bishe2023.1\dev\XRengine\XRengine\3rdparty\GLFW\docs\CONTRIBUTING.md", "Markdown", 0, 0, 0, 0, 281, 0, 0, 0, 0, 0, 0, 0, 0, 0, 0, 0, 0, 0, 0, 111, 392
"d:\Study\bishe2023.1\dev\XRengine\XRengine\3rdparty\GLFW\docs\DoxygenLayout.xml", "XML", 63, 0, 0, 0, 0, 0, 0, 0, 0, 0, 0, 0, 0, 0, 0, 0, 0, 0, 5, 4, 72
"d:\Study\bishe2023.1\dev\XRengine\XRengine\3rdparty\GLFW\docs\SUPPORT.md", "Markdown", 0, 0, 0, 0, 10, 0, 0, 0, 0, 0, 0, 0, 0, 0, 0, 0, 0, 0, 0, 5, 15
"d:\Study\bishe2023.1\dev\XRengine\XRengine\3rdparty\GLFW\docs\extra.css", "CSS", 0, 0, 0, 0, 0, 0, 0, 0, 0, 0, 0, 1, 0, 0, 0, 0, 0, 0, 1, 1, 3
"d:\Study\bishe2023.1\dev\XRengine\XRengine\3rdparty\GLFW\docs\extra.scss", "SCSS", 0, 0, 0, 0, 0, 0, 0, 0, 0, 0, 0, 0, 0, 0, 0, 330, 0, 0, 28, 92, 450
"d:\Study\bishe2023.1\dev\XRengine\XRengine\3rdparty\GLFW\docs\footer.html", "HTML", 0, 0, 0, 0, 0, 0, 0, 0, 0, 0, 0, 0, 7, 0, 0, 0, 0, 0, 0, 1, 8
"d:\Study\bishe2023.1\dev\XRengine\XRengine\3rdparty\GLFW\docs\header.html", "HTML", 0, 0, 0, 0, 0, 0, 0, 0, 0, 0, 0, 0, 30, 0, 0, 0, 0, 0, 3, 2, 35
"d:\Study\bishe2023.1\dev\XRengine\XRengine\3rdparty\GLFW\docs\spaces.svg", "XML", 875, 0, 0, 0, 0, 0, 0, 0, 0, 0, 0, 0, 0, 0, 0, 0, 0, 0, 1, 2, 878
"d:\Study\bishe2023.1\dev\XRengine\XRengine\3rdparty\GLFW\examples\CMakeLists.txt", "CMake", 0, 0, 70, 0, 0, 0, 0, 0, 0, 0, 0, 0, 0, 0, 0, 0, 0, 0, 3, 16, 89
"d:\Study\bishe2023.1\dev\XRengine\XRengine\3rdparty\GLFW\examples\boing.c", "C", 0, 0, 0, 0, 0, 0, 388, 0, 0, 0, 0, 0, 0, 0, 0, 0, 0, 0, 171, 122, 681
"d:\Study\bishe2023.1\dev\XRengine\XRengine\3rdparty\GLFW\examples\gears.c", "C", 0, 0, 0, 0, 0, 0, 244, 0, 0, 0, 0, 0, 0, 0, 0, 0, 0, 0, 55, 63, 362
"d:\Study\bishe2023.1\dev\XRengine\XRengine\3rdparty\GLFW\examples\heightmap.c", "C", 0, 0, 0, 0, 0, 0, 350, 0, 0, 0, 0, 0, 0, 0, 0, 0, 0, 0, 101, 63, 514
"d:\Study\bishe2023.1\dev\XRengine\XRengine\3rdparty\GLFW\examples\offscreen.c", "C", 0, 0, 0, 0, 0, 0, 118, 0, 0, 0, 0, 0, 0, 0, 0, 0, 0, 0, 27, 34, 179
"d:\Study\bishe2023.1\dev\XRengine\XRengine\3rdparty\GLFW\examples\particles.c", "C", 0, 0, 0, 0, 0, 0, 650, 0, 0, 0, 0, 0, 0, 0, 0, 0, 0, 0, 222, 203, 1075
"d:\Study\bishe2023.1\dev\XRengine\XRengine\3rdparty\GLFW\examples\sharing.c", "C", 0, 0, 0, 0, 0, 0, 153, 0, 0, 0, 0, 0, 0, 0, 0, 0, 0, 0, 33, 50, 236
"d:\Study\bishe2023.1\dev\XRengine\XRengine\3rdparty\GLFW\examples\splitview.c", "C", 0, 0, 0, 0, 0, 0, 332, 0, 0, 0, 0, 0, 0, 0, 0, 0, 0, 0, 103, 113, 548
"d:\Study\bishe2023.1\dev\XRengine\XRengine\3rdparty\GLFW\examples\triangle-opengl.c", "C", 0, 0, 0, 0, 0, 0, 114, 0, 0, 0, 0, 0, 0, 0, 0, 0, 0, 0, 27, 31, 172
"d:\Study\bishe2023.1\dev\XRengine\XRengine\3rdparty\GLFW\examples\triangle-opengles.c", "C", 0, 0, 0, 0, 0, 0, 117, 0, 0, 0, 0, 0, 0, 0, 0, 0, 0, 0, 24, 30, 171
"d:\Study\bishe2023.1\dev\XRengine\XRengine\3rdparty\GLFW\examples\wave.c", "C", 0, 0, 0, 0, 0, 0, 286, 0, 0, 0, 0, 0, 0, 0, 0, 0, 0, 0, 82, 96, 464
"d:\Study\bishe2023.1\dev\XRengine\XRengine\3rdparty\GLFW\examples\windows.c", "C", 0, 0, 0, 0, 0, 0, 70, 0, 0, 0, 0, 0, 0, 0, 0, 0, 0, 0, 24, 17, 111
"d:\Study\bishe2023.1\dev\XRengine\XRengine\3rdparty\GLFW\include\GLFW\glfw3.h", "C++", 0, 645, 0, 0, 0, 0, 0, 0, 0, 0, 0, 0, 0, 0, 0, 0, 0, 0, 5548, 264, 6457
"d:\Study\bishe2023.1\dev\XRengine\XRengine\3rdparty\GLFW\include\GLFW\glfw3native.h", "C++", 0, 83, 0, 0, 0, 0, 0, 0, 0, 0, 0, 0, 0, 0, 0, 0, 0, 0, 473, 39, 595
"d:\Study\bishe2023.1\dev\XRengine\XRengine\3rdparty\GLFW\premake5.lua", "Lua", 0, 0, 0, 0, 0, 77, 0, 0, 0, 0, 0, 0, 0, 0, 0, 0, 0, 0, 0, 15, 92
"d:\Study\bishe2023.1\dev\XRengine\XRengine\3rdparty\GLFW\src\CMakeLists.txt", "CMake", 0, 0, 302, 0, 0, 0, 0, 0, 0, 0, 0, 0, 0, 0, 0, 0, 0, 0, 34, 64, 400
"d:\Study\bishe2023.1\dev\XRengine\XRengine\3rdparty\GLFW\src\cocoa_init.m", "Objective-C", 0, 0, 0, 0, 0, 0, 0, 0, 0, 0, 531, 0, 0, 0, 0, 0, 0, 0, 57, 95, 683
"d:\Study\bishe2023.1\dev\XRengine\XRengine\3rdparty\GLFW\src\cocoa_joystick.h", "C++", 0, 18, 0, 0, 0, 0, 0, 0, 0, 0, 0, 0, 0, 0, 0, 0, 0, 0, 27, 7, 52
"d:\Study\bishe2023.1\dev\XRengine\XRengine\3rdparty\GLFW\src\cocoa_joystick.m", "Objective-C", 0, 0, 0, 0, 0, 0, 0, 0, 0, 0, 366, 0, 0, 0, 0, 0, 0, 0, 47, 65, 478
"d:\Study\bishe2023.1\dev\XRengine\XRengine\3rdparty\GLFW\src\cocoa_monitor.m", "Objective-C", 0, 0, 0, 0, 0, 0, 0, 0, 0, 0, 444, 0, 0, 0, 0, 0, 0, 0, 68, 120, 632
"d:\Study\bishe2023.1\dev\XRengine\XRengine\3rdparty\GLFW\src\cocoa_platform.h", "C++", 0, 205, 0, 0, 0, 0, 0, 0, 0, 0, 0, 0, 0, 0, 0, 0, 0, 0, 55, 43, 303
"d:\Study\bishe2023.1\dev\XRengine\XRengine\3rdparty\GLFW\src\cocoa_time.c", "C", 0, 0, 0, 0, 0, 0, 16, 0, 0, 0, 0, 0, 0, 0, 0, 0, 0, 0, 30, 10, 56
"d:\Study\bishe2023.1\dev\XRengine\XRengine\3rdparty\GLFW\src\cocoa_time.h", "C++", 0, 5, 0, 0, 0, 0, 0, 0, 0, 0, 0, 0, 0, 0, 0, 0, 0, 0, 27, 4, 36
"d:\Study\bishe2023.1\dev\XRengine\XRengine\3rdparty\GLFW\src\cocoa_window.m", "Objective-C", 0, 0, 0, 0, 0, 0, 0, 0, 0, 0, 1483, 0, 0, 0, 0, 0, 0, 0, 106, 353, 1942
"d:\Study\bishe2023.1\dev\XRengine\XRengine\3rdparty\GLFW\src\context.c", "C", 0, 0, 0, 0, 0, 0, 541, 0, 0, 0, 0, 0, 0, 0, 0, 0, 0, 0, 98, 118, 757
"d:\Study\bishe2023.1\dev\XRengine\XRengine\3rdparty\GLFW\src\egl_context.c", "C", 0, 0, 0, 0, 0, 0, 695, 0, 0, 0, 0, 0, 0, 0, 0, 0, 0, 0, 60, 114, 869
"d:\Study\bishe2023.1\dev\XRengine\XRengine\3rdparty\GLFW\src\glx_context.c", "C", 0, 0, 0, 0, 0, 0, 541, 0, 0, 0, 0, 0, 0, 0, 0, 0, 0, 0, 61, 111, 713
"d:\Study\bishe2023.1\dev\XRengine\XRengine\3rdparty\GLFW\src\init.c", "C", 0, 0, 0, 0, 0, 0, 355, 0, 0, 0, 0, 0, 0, 0, 0, 0, 0, 0, 57, 71, 483
"d:\Study\bishe2023.1\dev\XRengine\XRengine\3rdparty\GLFW\src\input.c", "C", 0, 0, 0, 0, 0, 0, 1049, 0, 0, 0, 0, 0, 0, 0, 0, 0, 0, 0, 92, 283, 1424
"d:\Study\bishe2023.1\dev\XRengine\XRengine\3rdparty\GLFW\src\internal.h", "C++", 0, 848, 0, 0, 0, 0, 0, 0, 0, 0, 0, 0, 0, 0, 0, 0, 0, 0, 109, 117, 1074
"d:\Study\bishe2023.1\dev\XRengine\XRengine\3rdparty\GLFW\src\linux_joystick.c", "C", 0, 0, 0, 0, 0, 0, 294, 0, 0, 0, 0, 0, 0, 0, 0, 0, 0, 0, 60, 78, 432
"d:\Study\bishe2023.1\dev\XRengine\XRengine\3rdparty\GLFW\src\linux_joystick.h", "C++", 0, 28, 0, 0, 0, 0, 0, 0, 0, 0, 0, 0, 0, 0, 0, 0, 0, 0, 29, 9, 66
"d:\Study\bishe2023.1\dev\XRengine\XRengine\3rdparty\GLFW\src\mappings.h", "C++", 0, 938, 0, 0, 0, 0, 0, 0, 0, 0, 0, 0, 0, 0, 0, 0, 0, 0, 58, 6, 1002
"d:\Study\bishe2023.1\dev\XRengine\XRengine\3rdparty\GLFW\src\monitor.c", "C", 0, 0, 0, 0, 0, 0, 365, 0, 0, 0, 0, 0, 0, 0, 0, 0, 0, 0, 69, 110, 544
"d:\Study\bishe2023.1\dev\XRengine\XRengine\3rdparty\GLFW\src\nsgl_context.m", "Objective-C", 0, 0, 0, 0, 0, 0, 0, 0, 0, 0, 246, 0, 0, 0, 0, 0, 0, 0, 57, 74, 377
"d:\Study\bishe2023.1\dev\XRengine\XRengine\3rdparty\GLFW\src\null_init.c", "C", 0, 0, 0, 0, 0, 0, 94, 0, 0, 0, 0, 0, 0, 0, 0, 0, 0, 0, 31, 10, 135
"d:\Study\bishe2023.1\dev\XRengine\XRengine\3rdparty\GLFW\src\null_joystick.c", "C", 0, 0, 0, 0, 0, 0, 19, 0, 0, 0, 0, 0, 0, 0, 0, 0, 0, 0, 30, 10, 59
"d:\Study\bishe2023.1\dev\XRengine\XRengine\3rdparty\GLFW\src\null_joystick.h", "C++", 0, 5, 0, 0, 0, 0, 0, 0, 0, 0, 0, 0, 0, 0, 0, 0, 0, 0, 25, 3, 33
"d:\Study\bishe2023.1\dev\XRengine\XRengine\3rdparty\GLFW\src\null_monitor.c", "C", 0, 0, 0, 0, 0, 0, 104, 0, 0, 0, 0, 0, 0, 0, 0, 0, 0, 0, 36, 22, 162
"d:\Study\bishe2023.1\dev\XRengine\XRengine\3rdparty\GLFW\src\null_platform.h", "C++", 0, 105, 0, 0, 0, 0, 0, 0, 0, 0, 0, 0, 0, 0, 0, 0, 0, 0, 33, 17, 155
"d:\Study\bishe2023.1\dev\XRengine\XRengine\3rdparty\GLFW\src\null_window.c", "C", 0, 0, 0, 0, 0, 0, 572, 0, 0, 0, 0, 0, 0, 0, 0, 0, 0, 0, 32, 95, 699
"d:\Study\bishe2023.1\dev\XRengine\XRengine\3rdparty\GLFW\src\osmesa_context.c", "C", 0, 0, 0, 0, 0, 0, 288, 0, 0, 0, 0, 0, 0, 0, 0, 0, 0, 0, 39, 60, 387
"d:\Study\bishe2023.1\dev\XRengine\XRengine\3rdparty\GLFW\src\platform.c", "C", 0, 0, 0, 0, 0, 0, 132, 0, 0, 0, 0, 0, 0, 0, 0, 0, 0, 0, 37, 21, 190
"d:\Study\bishe2023.1\dev\XRengine\XRengine\3rdparty\GLFW\src\platform.h", "C++", 0, 130, 0, 0, 0, 0, 0, 0, 0, 0, 0, 0, 0, 0, 0, 0, 0, 0, 26, 24, 180
"d:\Study\bishe2023.1\dev\XRengine\XRengine\3rdparty\GLFW\src\posix_module.c", "C", 0, 0, 0, 0, 0, 0, 14, 0, 0, 0, 0, 0, 0, 0, 0, 0, 0, 0, 30, 8, 52
"d:\Study\bishe2023.1\dev\XRengine\XRengine\3rdparty\GLFW\src\posix_thread.c", "C", 0, 0, 0, 0, 0, 0, 57, 0, 0, 0, 0, 0, 0, 0, 0, 0, 0, 0, 31, 18, 106
"d:\Study\bishe2023.1\dev\XRengine\XRengine\3rdparty\GLFW\src\posix_thread.h", "C++", 0, 13, 0, 0, 0, 0, 0, 0, 0, 0, 0, 0, 0, 0, 0, 0, 0, 0, 30, 7, 50
"d:\Study\bishe2023.1\dev\XRengine\XRengine\3rdparty\GLFW\src\posix_time.c", "C", 0, 0, 0, 0, 0, 0, 23, 0, 0, 0, 0, 0, 0, 0, 0, 0, 0, 0, 31, 10, 64
"d:\Study\bishe2023.1\dev\XRengine\XRengine\3rdparty\GLFW\src\posix_time.h", "C++", 0, 8, 0, 0, 0, 0, 0, 0, 0, 0, 0, 0, 0, 0, 0, 0, 0, 0, 28, 6, 42
"d:\Study\bishe2023.1\dev\XRengine\XRengine\3rdparty\GLFW\src\vulkan.c", "C", 0, 0, 0, 0, 0, 0, 241, 0, 0, 0, 0, 0, 0, 0, 0, 0, 0, 0, 36, 54, 331
"d:\Study\bishe2023.1\dev\XRengine\XRengine\3rdparty\GLFW\src\wgl_context.c", "C", 0, 0, 0, 0, 0, 0, 623, 0, 0, 0, 0, 0, 0, 0, 0, 0, 0, 0, 54, 114, 791
"d:\Study\bishe2023.1\dev\XRengine\XRengine\3rdparty\GLFW\src\win32_init.c", "C", 0, 0, 0, 0, 0, 0, 510, 0, 0, 0, 0, 0, 0, 0, 0, 0, 0, 0, 70, 86, 666
"d:\Study\bishe2023.1\dev\XRengine\XRengine\3rdparty\GLFW\src\win32_joystick.c", "C", 0, 0, 0, 0, 0, 0, 594, 0, 0, 0, 0, 0, 0, 0, 0, 0, 0, 0, 64, 101, 759
"d:\Study\bishe2023.1\dev\XRengine\XRengine\3rdparty\GLFW\src\win32_joystick.h", "C++", 0, 18, 0, 0, 0, 0, 0, 0, 0, 0, 0, 0, 0, 0, 0, 0, 0, 0, 29, 7, 54
"d:\Study\bishe2023.1\dev\XRengine\XRengine\3rdparty\GLFW\src\win32_module.c", "C", 0, 0, 0, 0, 0, 0, 13, 0, 0, 0, 0, 0, 0, 0, 0, 0, 0, 0, 30, 7, 50
"d:\Study\bishe2023.1\dev\XRengine\XRengine\3rdparty\GLFW\src\win32_monitor.c", "C", 0, 0, 0, 0, 0, 0, 399, 0, 0, 0, 0, 0, 0, 0, 0, 0, 0, 0, 54, 95, 548
"d:\Study\bishe2023.1\dev\XRengine\XRengine\3rdparty\GLFW\src\win32_platform.h", "C++", 0, 489, 0, 0, 0, 0, 0, 0, 0, 0, 0, 0, 0, 0, 0, 0, 0, 0, 66, 68, 623
"d:\Study\bishe2023.1\dev\XRengine\XRengine\3rdparty\GLFW\src\win32_thread.c", "C", 0, 0, 0, 0, 0, 0, 52, 0, 0, 0, 0, 0, 0, 0, 0, 0, 0, 0, 31, 16, 99
"d:\Study\bishe2023.1\dev\XRengine\XRengine\3rdparty\GLFW\src\win32_thread.h", "C++", 0, 13, 0, 0, 0, 0, 0, 0, 0, 0, 0, 0, 0, 0, 0, 0, 0, 0, 30, 6, 49
"d:\Study\bishe2023.1\dev\XRengine\XRengine\3rdparty\GLFW\src\win32_time.c", "C", 0, 0, 0, 0, 0, 0, 15, 0, 0, 0, 0, 0, 0, 0, 0, 0, 0, 0, 31, 8, 54
"d:\Study\bishe2023.1\dev\XRengine\XRengine\3rdparty\GLFW\src\win32_time.h", "C++", 0, 6, 0, 0, 0, 0, 0, 0, 0, 0, 0, 0, 0, 0, 0, 0, 0, 0, 28, 5, 39
"d:\Study\bishe2023.1\dev\XRengine\XRengine\3rdparty\GLFW\src\win32_window.c", "C", 0, 0, 0, 0, 0, 0, 1961, 0, 0, 0, 0, 0, 0, 0, 0, 0, 0, 0, 160, 395, 2516
"d:\Study\bishe2023.1\dev\XRengine\XRengine\3rdparty\GLFW\src\window.c", "C", 0, 0, 0, 0, 0, 0, 890, 0, 0, 0, 0, 0, 0, 0, 0, 0, 0, 0, 73, 188, 1151
"d:\Study\bishe2023.1\dev\XRengine\XRengine\3rdparty\GLFW\src\wl_init.c", "C", 0, 0, 0, 0, 0, 0, 1281, 0, 0, 0, 0, 0, 0, 0, 0, 0, 0, 0, 47, 141, 1469
"d:\Study\bishe2023.1\dev\XRengine\XRengine\3rdparty\GLFW\src\wl_monitor.c", "C", 0, 0, 0, 0, 0, 0, 155, 0, 0, 0, 0, 0, 0, 0, 0, 0, 0, 0, 38, 40, 233
"d:\Study\bishe2023.1\dev\XRengine\XRengine\3rdparty\GLFW\src\wl_platform.h", "C++", 0, 411, 0, 0, 0, 0, 0, 0, 0, 0, 0, 0, 0, 0, 0, 0, 0, 0, 35, 54, 500
"d:\Study\bishe2023.1\dev\XRengine\XRengine\3rdparty\GLFW\src\wl_window.c", "C", 0, 0, 0, 0, 0, 0, 1527, 0, 0, 0, 0, 0, 0, 0, 0, 0, 0, 0, 98, 252, 1877
"d:\Study\bishe2023.1\dev\XRengine\XRengine\3rdparty\GLFW\src\x11_init.c", "C", 0, 0, 0, 0, 0, 0, 1333, 0, 0, 0, 0, 0, 0, 0, 0, 0, 0, 0, 123, 153, 1609
"d:\Study\bishe2023.1\dev\XRengine\XRengine\3rdparty\GLFW\src\x11_monitor.c", "C", 0, 0, 0, 0, 0, 0, 462, 0, 0, 0, 0, 0, 0, 0, 0, 0, 0, 0, 56, 99, 617
"d:\Study\bishe2023.1\dev\XRengine\XRengine\3rdparty\GLFW\src\x11_platform.h", "C++", 0, 851, 0, 0, 0, 0, 0, 0, 0, 0, 0, 0, 0, 0, 0, 0, 0, 0, 71, 80, 1002
"d:\Study\bishe2023.1\dev\XRengine\XRengine\3rdparty\GLFW\src\x11_window.c", "C", 0, 0, 0, 0, 0, 0, 2591, 0, 0, 0, 0, 0, 0, 0, 0, 0, 0, 0, 216, 505, 3312
"d:\Study\bishe2023.1\dev\XRengine\XRengine\3rdparty\GLFW\src\xkb_unicode.c", "C", 0, 0, 0, 0, 0, 0, 858, 0, 0, 0, 0, 0, 0, 0, 0, 0, 0, 0, 69, 16, 943
"d:\Study\bishe2023.1\dev\XRengine\XRengine\3rdparty\GLFW\src\xkb_unicode.h", "C++", 0, 2, 0, 0, 0, 0, 0, 0, 0, 0, 0, 0, 0, 0, 0, 0, 0, 0, 25, 4, 31
"d:\Study\bishe2023.1\dev\XRengine\XRengine\3rdparty\GLFW\tests\CMakeLists.txt", "CMake", 0, 0, 69, 0, 0, 0, 0, 0, 0, 0, 0, 0, 0, 0, 0, 0, 0, 0, 3, 15, 87
"d:\Study\bishe2023.1\dev\XRengine\XRengine\3rdparty\GLFW\tests\allocator.c", "C", 0, 0, 0, 0, 0, 0, 93, 0, 0, 0, 0, 0, 0, 0, 0, 0, 0, 0, 24, 26, 143
"d:\Study\bishe2023.1\dev\XRengine\XRengine\3rdparty\GLFW\tests\clipboard.c", "C", 0, 0, 0, 0, 0, 0, 93, 0, 0, 0, 0, 0, 0, 0, 0, 0, 0, 0, 28, 26, 147
"d:\Study\bishe2023.1\dev\XRengine\XRengine\3rdparty\GLFW\tests\cursor.c", "C", 0, 0, 0, 0, 0, 0, 370, 0, 0, 0, 0, 0, 0, 0, 0, 0, 0, 0, 34, 86, 490
"d:\Study\bishe2023.1\dev\XRengine\XRengine\3rdparty\GLFW\tests\empty.c", "C", 0, 0, 0, 0, 0, 0, 78, 0, 0, 0, 0, 0, 0, 0, 0, 0, 0, 0, 28, 28, 134
"d:\Study\bishe2023.1\dev\XRengine\XRengine\3rdparty\GLFW\tests\events.c", "C", 0, 0, 0, 0, 0, 0, 551, 0, 0, 0, 0, 0, 0, 0, 0, 0, 0, 0, 36, 85, 672
"d:\Study\bishe2023.1\dev\XRengine\XRengine\3rdparty\GLFW\tests\gamma.c", "C", 0, 0, 0, 0, 0, 0, 128, 0, 0, 0, 0, 0, 0, 0, 0, 0, 0, 0, 29, 31, 188
"d:\Study\bishe2023.1\dev\XRengine\XRengine\3rdparty\GLFW\tests\glfwinfo.c", "C", 0, 0, 0, 0, 0, 0, 897, 0, 0, 0, 0, 0, 0, 0, 0, 0, 0, 0, 28, 137, 1062
"d:\Study\bishe2023.1\dev\XRengine\XRengine\3rdparty\GLFW\tests\icon.c", "C", 0, 0, 0, 0, 0, 0, 101, 0, 0, 0, 0, 0, 0, 0, 0, 0, 0, 0, 29, 21, 151
"d:\Study\bishe2023.1\dev\XRengine\XRengine\3rdparty\GLFW\tests\iconify.c", "C", 0, 0, 0, 0, 0, 0, 221, 0, 0, 0, 0, 0, 0, 0, 0, 0, 0, 0, 30, 48, 299
"d:\Study\bishe2023.1\dev\XRengine\XRengine\3rdparty\GLFW\tests\inputlag.c", "C", 0, 0, 0, 0, 0, 0, 223, 0, 0, 0, 0, 0, 0, 0, 0, 0, 0, 0, 30, 58, 311
"d:\Study\bishe2023.1\dev\XRengine\XRengine\3rdparty\GLFW\tests\joysticks.c", "C", 0, 0, 0, 0, 0, 0, 253, 0, 0, 0, 0, 0, 0, 0, 0, 0, 0, 0, 29, 65, 347
"d:\Study\bishe2023.1\dev\XRengine\XRengine\3rdparty\GLFW\tests\monitors.c", "C", 0, 0, 0, 0, 0, 0, 185, 0, 0, 0, 0, 0, 0, 0, 0, 0, 0, 0, 29, 50, 264
"d:\Study\bishe2023.1\dev\XRengine\XRengine\3rdparty\GLFW\tests\msaa.c", "C", 0, 0, 0, 0, 0, 0, 149, 0, 0, 0, 0, 0, 0, 0, 0, 0, 0, 0, 31, 42, 222
"d:\Study\bishe2023.1\dev\XRengine\XRengine\3rdparty\GLFW\tests\reopen.c", "C", 0, 0, 0, 0, 0, 0, 163, 0, 0, 0, 0, 0, 0, 0, 0, 0, 0, 0, 34, 45, 242
"d:\Study\bishe2023.1\dev\XRengine\XRengine\3rdparty\GLFW\tests\tearing.c", "C", 0, 0, 0, 0, 0, 0, 178, 0, 0, 0, 0, 0, 0, 0, 0, 0, 0, 0, 29, 45, 252
"d:\Study\bishe2023.1\dev\XRengine\XRengine\3rdparty\GLFW\tests\threads.c", "C", 0, 0, 0, 0, 0, 0, 96, 0, 0, 0, 0, 0, 0, 0, 0, 0, 0, 0, 29, 29, 154
"d:\Study\bishe2023.1\dev\XRengine\XRengine\3rdparty\GLFW\tests\timeout.c", "C", 0, 0, 0, 0, 0, 0, 53, 0, 0, 0, 0, 0, 0, 0, 0, 0, 0, 0, 28, 19, 100
"d:\Study\bishe2023.1\dev\XRengine\XRengine\3rdparty\GLFW\tests\title.c", "C", 0, 0, 0, 0, 0, 0, 34, 0, 0, 0, 0, 0, 0, 0, 0, 0, 0, 0, 28, 12, 74
"d:\Study\bishe2023.1\dev\XRengine\XRengine\3rdparty\GLFW\tests\triangle-vulkan.c", "C", 0, 0, 0, 0, 0, 0, 1678, 0, 0, 0, 0, 0, 0, 0, 0, 0, 0, 0, 134, 318, 2130
"d:\Study\bishe2023.1\dev\XRengine\XRengine\3rdparty\GLFW\tests\window.c", "C", 0, 0, 0, 0, 0, 0, 336, 0, 0, 0, 0, 0, 0, 0, 0, 0, 0, 0, 24, 69, 429
"d:\Study\bishe2023.1\dev\XRengine\XRengine\3rdparty\Glad\Glad.vcxproj", "XML", 121, 0, 0, 0, 0, 0, 0, 0, 0, 0, 0, 0, 0, 0, 0, 0, 0, 0, 0, 0, 121
"d:\Study\bishe2023.1\dev\XRengine\XRengine\3rdparty\Glad\include\KHR\khrplatform.h", "C++", 0, 117, 0, 0, 0, 0, 0, 0, 0, 0, 0, 0, 0, 0, 0, 0, 0, 0, 165, 30, 312
"d:\Study\bishe2023.1\dev\XRengine\XRengine\3rdparty\Glad\include\glad\glad.h", "C++", 0, 5133, 0, 0, 0, 0, 0, 0, 0, 0, 0, 0, 0, 0, 0, 0, 0, 0, 20, 17, 5170
"d:\Study\bishe2023.1\dev\XRengine\XRengine\3rdparty\Glad\premake5.lua", "Lua", 0, 0, 0, 0, 0, 20, 0, 0, 0, 0, 0, 0, 0, 0, 0, 0, 0, 0, 0, 5, 25
"d:\Study\bishe2023.1\dev\XRengine\XRengine\3rdparty\Glad\src\glad.c", "C", 0, 0, 0, 0, 0, 0, 2461, 0, 0, 0, 0, 0, 0, 0, 0, 0, 0, 0, 25, 47, 2533
"d:\Study\bishe2023.1\dev\XRengine\XRengine\3rdparty\ImGui\.github\FUNDING.yml", "YAML", 0, 0, 0, 0, 0, 0, 0, 1, 0, 0, 0, 0, 0, 0, 0, 0, 0, 0, 0, 1, 2
"d:\Study\bishe2023.1\dev\XRengine\XRengine\3rdparty\ImGui\.github\issue_template.md", "Markdown", 0, 0, 0, 0, 28, 0, 0, 0, 0, 0, 0, 0, 0, 0, 0, 0, 0, 0, 0, 19, 47
"d:\Study\bishe2023.1\dev\XRengine\XRengine\3rdparty\ImGui\.github\pull_request_template.md", "Markdown", 0, 0, 0, 0, 3, 0, 0, 0, 0, 0, 0, 0, 0, 0, 0, 0, 0, 0, 0, 4, 7
"d:\Study\bishe2023.1\dev\XRengine\XRengine\3rdparty\ImGui\.github\workflows\build.yml", "YAML", 0, 0, 0, 0, 0, 0, 0, 335, 0, 0, 0, 0, 0, 0, 0, 0, 0, 0, 64, 109, 508
"d:\Study\bishe2023.1\dev\XRengine\XRengine\3rdparty\ImGui\.github\workflows\scheduled.yml", "YAML", 0, 0, 0, 0, 0, 0, 0, 9, 0, 0, 0, 0, 0, 0, 0, 0, 0, 0, 4, 3, 16
"d:\Study\bishe2023.1\dev\XRengine\XRengine\3rdparty\ImGui\.github\workflows\static-analysis.yml", "YAML", 0, 0, 0, 0, 0, 0, 0, 40, 0, 0, 0, 0, 0, 0, 0, 0, 0, 0, 2, 5, 47
"d:\Study\bishe2023.1\dev\XRengine\XRengine\3rdparty\ImGui\backends\imgui_impl_allegro5.cpp", "C++", 0, 458, 0, 0, 0, 0, 0, 0, 0, 0, 0, 0, 0, 0, 0, 0, 0, 0, 93, 54, 605
"d:\Study\bishe2023.1\dev\XRengine\XRengine\3rdparty\ImGui\backends\imgui_impl_allegro5.h", "C++", 0, 11, 0, 0, 0, 0, 0, 0, 0, 0, 0, 0, 0, 0, 0, 0, 0, 0, 15, 7, 33
"d:\Study\bishe2023.1\dev\XRengine\XRengine\3rdparty\ImGui\backends\imgui_impl_android.cpp", "C++", 0, 225, 0, 0, 0, 0, 0, 0, 0, 0, 0, 0, 0, 0, 0, 0, 0, 0, 33, 20, 278
"d:\Study\bishe2023.1\dev\XRengine\XRengine\3rdparty\ImGui\backends\imgui_impl_android.h", "C++", 0, 7, 0, 0, 0, 0, 0, 0, 0, 0, 0, 0, 0, 0, 0, 0, 0, 0, 16, 6, 29
"d:\Study\bishe2023.1\dev\XRengine\XRengine\3rdparty\ImGui\backends\imgui_impl_dx10.cpp", "C++", 0, 559, 0, 0, 0, 0, 0, 0, 0, 0, 0, 0, 0, 0, 0, 0, 0, 0, 85, 71, 715
"d:\Study\bishe2023.1\dev\XRengine\XRengine\3rdparty\ImGui\backends\imgui_impl_dx10.h", "C++", 0, 9, 0, 0, 0, 0, 0, 0, 0, 0, 0, 0, 0, 0, 0, 0, 0, 0, 11, 7, 27
"d:\Study\bishe2023.1\dev\XRengine\XRengine\3rdparty\ImGui\backends\imgui_impl_dx11.cpp", "C++", 0, 573, 0, 0, 0, 0, 0, 0, 0, 0, 0, 0, 0, 0, 0, 0, 0, 0, 86, 72, 731
"d:\Study\bishe2023.1\dev\XRengine\XRengine\3rdparty\ImGui\backends\imgui_impl_dx11.h", "C++", 0, 10, 0, 0, 0, 0, 0, 0, 0, 0, 0, 0, 0, 0, 0, 0, 0, 0, 11, 7, 28
"d:\Study\bishe2023.1\dev\XRengine\XRengine\3rdparty\ImGui\backends\imgui_impl_dx12.cpp", "C++", 0, 815, 0, 0, 0, 0, 0, 0, 0, 0, 0, 0, 0, 0, 0, 0, 0, 0, 122, 139, 1076
"d:\Study\bishe2023.1\dev\XRengine\XRengine\3rdparty\ImGui\backends\imgui_impl_dx12.h", "C++", 0, 15, 0, 0, 0, 0, 0, 0, 0, 0, 0, 0, 0, 0, 0, 0, 0, 0, 17, 8, 40
"d:\Study\bishe2023.1\dev\XRengine\XRengine\3rdparty\ImGui\backends\imgui_impl_dx9.cpp", "C++", 0, 399, 0, 0, 0, 0, 0, 0, 0, 0, 0, 0, 0, 0, 0, 0, 0, 0, 79, 64, 542
"d:\Study\bishe2023.1\dev\XRengine\XRengine\3rdparty\ImGui\backends\imgui_impl_dx9.h", "C++", 0, 9, 0, 0, 0, 0, 0, 0, 0, 0, 0, 0, 0, 0, 0, 0, 0, 0, 11, 7, 27
"d:\Study\bishe2023.1\dev\XRengine\XRengine\3rdparty\ImGui\backends\imgui_impl_glfw.cpp", "C++", 0, 944, 0, 0, 0, 0, 0, 0, 0, 0, 0, 0, 0, 0, 0, 0, 0, 0, 176, 119, 1239
"d:\Study\bishe2023.1\dev\XRengine\XRengine\3rdparty\ImGui\backends\imgui_impl_glfw.h", "C++", 0, 20, 0, 0, 0, 0, 0, 0, 0, 0, 0, 0, 0, 0, 0, 0, 0, 0, 22, 10, 52
"d:\Study\bishe2023.1\dev\XRengine\XRengine\3rdparty\ImGui\backends\imgui_impl_glut.cpp", "C++", 0, 217, 0, 0, 0, 0, 0, 0, 0, 0, 0, 0, 0, 0, 0, 0, 0, 0, 57, 27, 301
"d:\Study\bishe2023.1\dev\XRengine\XRengine\3rdparty\ImGui\backends\imgui_impl_glut.h", "C++", 0, 14, 0, 0, 0, 0, 0, 0, 0, 0, 0, 0, 0, 0, 0, 0, 0, 0, 20, 7, 41
"d:\Study\bishe2023.1\dev\XRengine\XRengine\3rdparty\ImGui\backends\imgui_impl_metal.h", "C++", 0, 30, 0, 0, 0, 0, 0, 0, 0, 0, 0, 0, 0, 0, 0, 0, 0, 0, 20, 16, 66
"d:\Study\bishe2023.1\dev\XRengine\XRengine\3rdparty\ImGui\backends\imgui_impl_metal.mm", "Objective-C++", 0, 0, 0, 0, 0, 0, 0, 0, 0, 557, 0, 0, 0, 0, 0, 0, 0, 0, 72, 107, 736
"d:\Study\bishe2023.1\dev\XRengine\XRengine\3rdparty\ImGui\backends\imgui_impl_opengl2.cpp", "C++", 0, 205, 0, 0, 0, 0, 0, 0, 0, 0, 0, 0, 0, 0, 0, 0, 0, 0, 79, 43, 327
"d:\Study\bishe2023.1\dev\XRengine\XRengine\3rdparty\ImGui\backends\imgui_impl_opengl2.h", "C++", 0, 10, 0, 0, 0, 0, 0, 0, 0, 0, 0, 0, 0, 0, 0, 0, 0, 0, 17, 7, 34
"d:\Study\bishe2023.1\dev\XRengine\XRengine\3rdparty\ImGui\backends\imgui_impl_opengl3.cpp", "C++", 0, 668, 0, 0, 0, 0, 0, 0, 0, 0, 0, 0, 0, 0, 0, 0, 0, 0, 177, 94, 939
"d:\Study\bishe2023.1\dev\XRengine\XRengine\3rdparty\ImGui\backends\imgui_impl_opengl3.h", "C++", 0, 22, 0, 0, 0, 0, 0, 0, 0, 0, 0, 0, 0, 0, 0, 0, 0, 0, 24, 11, 57
"d:\Study\bishe2023.1\dev\XRengine\XRengine\3rdparty\ImGui\backends\imgui_impl_opengl3_loader.h", "C++", 0, 664, 0, 0, 0, 0, 0, 0, 0, 0, 0, 0, 0, 0, 0, 0, 0, 0, 88, 43, 795
"d:\Study\bishe2023.1\dev\XRengine\XRengine\3rdparty\ImGui\backends\imgui_impl_osx.h", "C++", 0, 15, 0, 0, 0, 0, 0, 0, 0, 0, 0, 0, 0, 0, 0, 0, 0, 0, 19, 12, 46
"d:\Study\bishe2023.1\dev\XRengine\XRengine\3rdparty\ImGui\backends\imgui_impl_osx.mm", "Objective-C++", 0, 0, 0, 0, 0, 0, 0, 0, 0, 802, 0, 0, 0, 0, 0, 0, 0, 0, 119, 148, 1069
"d:\Study\bishe2023.1\dev\XRengine\XRengine\3rdparty\ImGui\backends\imgui_impl_sdl.cpp", "C++", 0, 747, 0, 0, 0, 0, 0, 0, 0, 0, 0, 0, 0, 0, 0, 0, 0, 0, 148, 85, 980
"d:\Study\bishe2023.1\dev\XRengine\XRengine\3rdparty\ImGui\backends\imgui_impl_sdl.h", "C++", 0, 16, 0, 0, 0, 0, 0, 0, 0, 0, 0, 0, 0, 0, 0, 0, 0, 0, 16, 7, 39
"d:\Study\bishe2023.1\dev\XRengine\XRengine\3rdparty\ImGui\backends\imgui_impl_sdlrenderer.cpp", "C++", 0, 167, 0, 0, 0, 0, 0, 0, 0, 0, 0, 0, 0, 0, 0, 0, 0, 0, 47, 39, 253
"d:\Study\bishe2023.1\dev\XRengine\XRengine\3rdparty\ImGui\backends\imgui_impl_sdlrenderer.h", "C++", 0, 11, 0, 0, 0, 0, 0, 0, 0, 0, 0, 0, 0, 0, 0, 0, 0, 0, 14, 7, 32
"d:\Study\bishe2023.1\dev\XRengine\XRengine\3rdparty\ImGui\backends\imgui_impl_vulkan.cpp", "C++", 0, 1317, 0, 0, 0, 0, 0, 0, 0, 0, 0, 0, 0, 0, 0, 0, 0, 0, 223, 163, 1703
"d:\Study\bishe2023.1\dev\XRengine\XRengine\3rdparty\ImGui\backends\imgui_impl_vulkan.h", "C++", 0, 77, 0, 0, 0, 0, 0, 0, 0, 0, 0, 0, 0, 0, 0, 0, 0, 0, 61, 21, 159
"d:\Study\bishe2023.1\dev\XRengine\XRengine\3rdparty\ImGui\backends\imgui_impl_wgpu.cpp", "C++", 0, 571, 0, 0, 0, 0, 0, 0, 0, 0, 0, 0, 0, 0, 0, 0, 0, 0, 97, 81, 749
"d:\Study\bishe2023.1\dev\XRengine\XRengine\3rdparty\ImGui\backends\imgui_impl_wgpu.h", "C++", 0, 9, 0, 0, 0, 0, 0, 0, 0, 0, 0, 0, 0, 0, 0, 0, 0, 0, 11, 6, 26
"d:\Study\bishe2023.1\dev\XRengine\XRengine\3rdparty\ImGui\backends\imgui_impl_win32.cpp", "C++", 0, 929, 0, 0, 0, 0, 0, 0, 0, 0, 0, 0, 0, 0, 0, 0, 0, 0, 176, 107, 1212
"d:\Study\bishe2023.1\dev\XRengine\XRengine\3rdparty\ImGui\backends\imgui_impl_win32.h", "C++", 0, 12, 0, 0, 0, 0, 0, 0, 0, 0, 0, 0, 0, 0, 0, 0, 0, 0, 25, 9, 46
"d:\Study\bishe2023.1\dev\XRengine\XRengine\3rdparty\ImGui\backends\vulkan\generate_spv.sh", "Shell Script", 0, 0, 0, 2, 0, 0, 0, 0, 0, 0, 0, 0, 0, 0, 0, 0, 0, 0, 4, 1, 7
"d:\Study\bishe2023.1\dev\XRengine\XRengine\3rdparty\ImGui\backends\vulkan\glsl_shader.frag", "GLSL", 0, 0, 0, 0, 0, 0, 0, 0, 0, 0, 0, 0, 0, 11, 0, 0, 0, 0, 0, 4, 15
"d:\Study\bishe2023.1\dev\XRengine\XRengine\3rdparty\ImGui\backends\vulkan\glsl_shader.vert", "GLSL", 0, 0, 0, 0, 0, 0, 0, 0, 0, 0, 0, 0, 0, 21, 0, 0, 0, 0, 0, 5, 26
"d:\Study\bishe2023.1\dev\XRengine\XRengine\3rdparty\ImGui\docs\BACKENDS.md", "Markdown", 0, 0, 0, 0, 101, 0, 0, 0, 0, 0, 0, 0, 0, 0, 0, 0, 0, 0, 0, 44, 145
"d:\Study\bishe2023.1\dev\XRengine\XRengine\3rdparty\ImGui\docs\CONTRIBUTING.md", "Markdown", 0, 0, 0, 0, 57, 0, 0, 0, 0, 0, 0, 0, 0, 0, 0, 0, 0, 0, 0, 24, 81
"d:\Study\bishe2023.1\dev\XRengine\XRengine\3rdparty\ImGui\docs\EXAMPLES.md", "Markdown", 0, 0, 0, 0, 188, 0, 0, 0, 0, 0, 0, 0, 0, 0, 0, 0, 0, 0, 0, 55, 243
"d:\Study\bishe2023.1\dev\XRengine\XRengine\3rdparty\ImGui\docs\FAQ.md", "Markdown", 0, 0, 0, 0, 540, 0, 0, 0, 0, 0, 0, 0, 0, 0, 0, 0, 0, 0, 0, 158, 698
"d:\Study\bishe2023.1\dev\XRengine\XRengine\3rdparty\ImGui\docs\FONTS.md", "Markdown", 0, 0, 0, 0, 303, 0, 0, 0, 0, 0, 0, 0, 0, 0, 0, 0, 0, 0, 0, 99, 402
"d:\Study\bishe2023.1\dev\XRengine\XRengine\3rdparty\ImGui\docs\README.md", "Markdown", 0, 0, 0, 0, 145, 0, 0, 0, 0, 0, 0, 0, 0, 0, 0, 0, 0, 0, 0, 70, 215
"d:\Study\bishe2023.1\dev\XRengine\XRengine\3rdparty\ImGui\examples\example_allegro5\README.md", "Markdown", 0, 0, 0, 0, 27, 0, 0, 0, 0, 0, 0, 0, 0, 0, 0, 0, 0, 0, 0, 10, 37
"d:\Study\bishe2023.1\dev\XRengine\XRengine\3rdparty\ImGui\examples\example_allegro5\imconfig_allegro5.h", "C++", 0, 2, 0, 0, 0, 0, 0, 0, 0, 0, 0, 0, 0, 0, 0, 0, 0, 0, 7, 3, 12
"d:\Study\bishe2023.1\dev\XRengine\XRengine\3rdparty\ImGui\examples\example_allegro5\main.cpp", "C++", 0, 82, 0, 0, 0, 0, 0, 0, 0, 0, 0, 0, 0, 0, 0, 0, 0, 0, 43, 22, 147
"d:\Study\bishe2023.1\dev\XRengine\XRengine\3rdparty\ImGui\examples\example_android_opengl3\CMakeLists.txt", "CMake", 0, 0, 33, 0, 0, 0, 0, 0, 0, 0, 0, 0, 0, 0, 0, 0, 0, 0, 0, 8, 41
"d:\Study\bishe2023.1\dev\XRengine\XRengine\3rdparty\ImGui\examples\example_android_opengl3\android\app\build.gradle", "Groovy", 0, 0, 0, 0, 0, 0, 0, 0, 0, 0, 0, 0, 0, 0, 0, 0, 31, 0, 0, 4, 35
"d:\Study\bishe2023.1\dev\XRengine\XRengine\3rdparty\ImGui\examples\example_android_opengl3\android\app\src\main\AndroidManifest.xml", "XML", 21, 0, 0, 0, 0, 0, 0, 0, 0, 0, 0, 0, 0, 0, 0, 0, 0, 0, 0, 4, 25
"d:\Study\bishe2023.1\dev\XRengine\XRengine\3rdparty\ImGui\examples\example_android_opengl3\android\build.gradle", "Groovy", 0, 0, 0, 0, 0, 0, 0, 0, 0, 0, 0, 0, 0, 0, 0, 0, 20, 0, 0, 5, 25
"d:\Study\bishe2023.1\dev\XRengine\XRengine\3rdparty\ImGui\examples\example_android_opengl3\android\settings.gradle", "Groovy", 0, 0, 0, 0, 0, 0, 0, 0, 0, 0, 0, 0, 0, 0, 0, 0, 1, 0, 0, 1, 2
"d:\Study\bishe2023.1\dev\XRengine\XRengine\3rdparty\ImGui\examples\example_android_opengl3\main.cpp", "C++", 0, 241, 0, 0, 0, 0, 0, 0, 0, 0, 0, 0, 0, 0, 0, 0, 0, 0, 69, 69, 379
"d:\Study\bishe2023.1\dev\XRengine\XRengine\3rdparty\ImGui\examples\example_apple_metal\README.md", "Markdown", 0, 0, 0, 0, 4, 0, 0, 0, 0, 0, 0, 0, 0, 0, 0, 0, 0, 0, 0, 7, 11
"d:\Study\bishe2023.1\dev\XRengine\XRengine\3rdparty\ImGui\examples\example_apple_metal\iOS\LaunchScreen.storyboard", "XML", 26, 0, 0, 0, 0, 0, 0, 0, 0, 0, 0, 0, 0, 0, 0, 0, 0, 0, 1, 1, 28
"d:\Study\bishe2023.1\dev\XRengine\XRengine\3rdparty\ImGui\examples\example_apple_metal\macOS\MainMenu.storyboard", "XML", 92, 0, 0, 0, 0, 0, 0, 0, 0, 0, 0, 0, 0, 0, 0, 0, 0, 0, 1, 1, 94
"d:\Study\bishe2023.1\dev\XRengine\XRengine\3rdparty\ImGui\examples\example_apple_metal\main.mm", "Objective-C++", 0, 0, 0, 0, 0, 0, 0, 0, 0, 229, 0, 0, 0, 0, 0, 0, 0, 0, 51, 70, 350
"d:\Study\bishe2023.1\dev\XRengine\XRengine\3rdparty\ImGui\examples\example_apple_opengl2\main.mm", "Objective-C++", 0, 0, 0, 0, 0, 0, 0, 0, 0, 171, 0, 0, 0, 0, 0, 0, 0, 0, 45, 54, 270
"d:\Study\bishe2023.1\dev\XRengine\XRengine\3rdparty\ImGui\examples\example_emscripten_wgpu\README.md", "Markdown", 0, 0, 0, 0, 17, 0, 0, 0, 0, 0, 0, 0, 0, 0, 0, 0, 0, 0, 0, 8, 25
"d:\Study\bishe2023.1\dev\XRengine\XRengine\3rdparty\ImGui\examples\example_emscripten_wgpu\main.cpp", "C++", 0, 156, 0, 0, 0, 0, 0, 0, 0, 0, 0, 0, 0, 0, 0, 0, 0, 0, 49, 40, 245
"d:\Study\bishe2023.1\dev\XRengine\XRengine\3rdparty\ImGui\examples\example_glfw_metal\main.mm", "Objective-C++", 0, 0, 0, 0, 0, 0, 0, 0, 0, 114, 0, 0, 0, 0, 0, 0, 0, 0, 42, 35, 191
"d:\Study\bishe2023.1\dev\XRengine\XRengine\3rdparty\ImGui\examples\example_glfw_opengl2\build_win32.bat", "Batch", 0, 0, 0, 0, 0, 0, 0, 0, 0, 0, 0, 0, 0, 0, 7, 0, 0, 0, 1, 1, 9
"d:\Study\bishe2023.1\dev\XRengine\XRengine\3rdparty\ImGui\examples\example_glfw_opengl2\main.cpp", "C++", 0, 99, 0, 0, 0, 0, 0, 0, 0, 0, 0, 0, 0, 0, 0, 0, 0, 0, 57, 30, 186
"d:\Study\bishe2023.1\dev\XRengine\XRengine\3rdparty\ImGui\examples\example_glfw_opengl3\build_win32.bat", "Batch", 0, 0, 0, 0, 0, 0, 0, 0, 0, 0, 0, 0, 0, 0, 7, 0, 0, 0, 1, 1, 9
"d:\Study\bishe2023.1\dev\XRengine\XRengine\3rdparty\ImGui\examples\example_glfw_opengl3\main.cpp", "C++", 0, 126, 0, 0, 0, 0, 0, 0, 0, 0, 0, 0, 0, 0, 0, 0, 0, 0, 58, 30, 214
"d:\Study\bishe2023.1\dev\XRengine\XRengine\3rdparty\ImGui\examples\example_glfw_vulkan\CMakeLists.txt", "CMake", 0, 0, 25, 0, 0, 0, 0, 0, 0, 0, 0, 0, 0, 0, 0, 0, 0, 0, 11, 10, 46
"d:\Study\bishe2023.1\dev\XRengine\XRengine\3rdparty\ImGui\examples\example_glfw_vulkan\build_win32.bat", "Batch", 0, 0, 0, 0, 0, 0, 0, 0, 0, 0, 0, 0, 0, 0, 10, 0, 0, 0, 1, 4, 15
"d:\Study\bishe2023.1\dev\XRengine\XRengine\3rdparty\ImGui\examples\example_glfw_vulkan\build_win64.bat", "Batch", 0, 0, 0, 0, 0, 0, 0, 0, 0, 0, 0, 0, 0, 0, 9, 0, 0, 0, 1, 4, 14
"d:\Study\bishe2023.1\dev\XRengine\XRengine\3rdparty\ImGui\examples\example_glfw_vulkan\main.cpp", "C++", 0, 426, 0, 0, 0, 0, 0, 0, 0, 0, 0, 0, 0, 0, 0, 0, 0, 0, 83, 72, 581
"d:\Study\bishe2023.1\dev\XRengine\XRengine\3rdparty\ImGui\examples\example_glut_opengl2\main.cpp", "C++", 0, 79, 0, 0, 0, 0, 0, 0, 0, 0, 0, 0, 0, 0, 0, 0, 0, 0, 53, 28, 160
"d:\Study\bishe2023.1\dev\XRengine\XRengine\3rdparty\ImGui\examples\example_null\build_win32.bat", "Batch", 0, 0, 0, 0, 0, 0, 0, 0, 0, 0, 0, 0, 0, 0, 2, 0, 0, 0, 1, 1, 4
"d:\Study\bishe2023.1\dev\XRengine\XRengine\3rdparty\ImGui\examples\example_null\main.cpp", "C++", 0, 27, 0, 0, 0, 0, 0, 0, 0, 0, 0, 0, 0, 0, 0, 0, 0, 0, 4, 7, 38
"d:\Study\bishe2023.1\dev\XRengine\XRengine\3rdparty\ImGui\examples\example_sdl_directx11\build_win32.bat", "Batch", 0, 0, 0, 0, 0, 0, 0, 0, 0, 0, 0, 0, 0, 0, 7, 0, 0, 0, 1, 1, 9
"d:\Study\bishe2023.1\dev\XRengine\XRengine\3rdparty\ImGui\examples\example_sdl_directx11\main.cpp", "C++", 0, 161, 0, 0, 0, 0, 0, 0, 0, 0, 0, 0, 0, 0, 0, 0, 0, 0, 54, 35, 250
"d:\Study\bishe2023.1\dev\XRengine\XRengine\3rdparty\ImGui\examples\example_sdl_metal\main.mm", "Objective-C++", 0, 0, 0, 0, 0, 0, 0, 0, 0, 123, 0, 0, 0, 0, 0, 0, 0, 0, 44, 33, 200
"d:\Study\bishe2023.1\dev\XRengine\XRengine\3rdparty\ImGui\examples\example_sdl_opengl2\README.md", "Markdown", 0, 0, 0, 0, 20, 0, 0, 0, 0, 0, 0, 0, 0, 0, 0, 0, 0, 0, 0, 10, 30
"d:\Study\bishe2023.1\dev\XRengine\XRengine\3rdparty\ImGui\examples\example_sdl_opengl2\build_win32.bat", "Batch", 0, 0, 0, 0, 0, 0, 0, 0, 0, 0, 0, 0, 0, 0, 7, 0, 0, 0, 1, 1, 9
"d:\Study\bishe2023.1\dev\XRengine\XRengine\3rdparty\ImGui\examples\example_sdl_opengl2\main.cpp", "C++", 0, 105, 0, 0, 0, 0, 0, 0, 0, 0, 0, 0, 0, 0, 0, 0, 0, 0, 50, 27, 182
"d:\Study\bishe2023.1\dev\XRengine\XRengine\3rdparty\ImGui\examples\example_sdl_opengl3\README.md", "Markdown", 0, 0, 0, 0, 42, 0, 0, 0, 0, 0, 0, 0, 0, 0, 0, 0, 0, 0, 0, 16, 58
"d:\Study\bishe2023.1\dev\XRengine\XRengine\3rdparty\ImGui\examples\example_sdl_opengl3\build_win32.bat", "Batch", 0, 0, 0, 0, 0, 0, 0, 0, 0, 0, 0, 0, 0, 0, 7, 0, 0, 0, 1, 1, 9
"d:\Study\bishe2023.1\dev\XRengine\XRengine\3rdparty\ImGui\examples\example_sdl_opengl3\main.cpp", "C++", 0, 137, 0, 0, 0, 0, 0, 0, 0, 0, 0, 0, 0, 0, 0, 0, 0, 0, 54, 28, 219
"d:\Study\bishe2023.1\dev\XRengine\XRengine\3rdparty\ImGui\examples\example_sdl_sdlrenderer\README.md", "Markdown", 0, 0, 0, 0, 18, 0, 0, 0, 0, 0, 0, 0, 0, 0, 0, 0, 0, 0, 0, 8, 26
"d:\Study\bishe2023.1\dev\XRengine\XRengine\3rdparty\ImGui\examples\example_sdl_sdlrenderer\build_win32.bat", "Batch", 0, 0, 0, 0, 0, 0, 0, 0, 0, 0, 0, 0, 0, 0, 7, 0, 0, 0, 1, 1, 9
"d:\Study\bishe2023.1\dev\XRengine\XRengine\3rdparty\ImGui\examples\example_sdl_sdlrenderer\main.cpp", "C++", 0, 88, 0, 0, 0, 0, 0, 0, 0, 0, 0, 0, 0, 0, 0, 0, 0, 0, 47, 25, 160
"d:\Study\bishe2023.1\dev\XRengine\XRengine\3rdparty\ImGui\examples\example_sdl_vulkan\build_win32.bat", "Batch", 0, 0, 0, 0, 0, 0, 0, 0, 0, 0, 0, 0, 0, 0, 7, 0, 0, 0, 1, 3, 11
"d:\Study\bishe2023.1\dev\XRengine\XRengine\3rdparty\ImGui\examples\example_sdl_vulkan\main.cpp", "C++", 0, 431, 0, 0, 0, 0, 0, 0, 0, 0, 0, 0, 0, 0, 0, 0, 0, 0, 81, 71, 583
"d:\Study\bishe2023.1\dev\XRengine\XRengine\3rdparty\ImGui\examples\example_win32_directx10\build_win32.bat", "Batch", 0, 0, 0, 0, 0, 0, 0, 0, 0, 0, 0, 0, 0, 0, 7, 0, 0, 0, 1, 1, 9
"d:\Study\bishe2023.1\dev\XRengine\XRengine\3rdparty\ImGui\examples\example_win32_directx10\main.cpp", "C++", 0, 175, 0, 0, 0, 0, 0, 0, 0, 0, 0, 0, 0, 0, 0, 0, 0, 0, 53, 38, 266
"d:\Study\bishe2023.1\dev\XRengine\XRengine\3rdparty\ImGui\examples\example_win32_directx11\build_win32.bat", "Batch", 0, 0, 0, 0, 0, 0, 0, 0, 0, 0, 0, 0, 0, 0, 7, 0, 0, 0, 1, 2, 10
"d:\Study\bishe2023.1\dev\XRengine\XRengine\3rdparty\ImGui\examples\example_win32_directx11\main.cpp", "C++", 0, 188, 0, 0, 0, 0, 0, 0, 0, 0, 0, 0, 0, 0, 0, 0, 0, 0, 61, 39, 288
"d:\Study\bishe2023.1\dev\XRengine\XRengine\3rdparty\ImGui\examples\example_win32_directx12\build_win32.bat", "Batch", 0, 0, 0, 0, 0, 0, 0, 0, 0, 0, 0, 0, 0, 0, 7, 0, 0, 0, 2, 1, 10
"d:\Study\bishe2023.1\dev\XRengine\XRengine\3rdparty\ImGui\examples\example_win32_directx12\main.cpp", "C++", 0, 354, 0, 0, 0, 0, 0, 0, 0, 0, 0, 0, 0, 0, 0, 0, 0, 0, 60, 71, 485
"d:\Study\bishe2023.1\dev\XRengine\XRengine\3rdparty\ImGui\examples\example_win32_directx9\build_win32.bat", "Batch", 0, 0, 0, 0, 0, 0, 0, 0, 0, 0, 0, 0, 0, 0, 7, 0, 0, 0, 1, 1, 9
"d:\Study\bishe2023.1\dev\XRengine\XRengine\3rdparty\ImGui\examples\example_win32_directx9\main.cpp", "C++", 0, 177, 0, 0, 0, 0, 0, 0, 0, 0, 0, 0, 0, 0, 0, 0, 0, 0, 55, 39, 271
"d:\Study\bishe2023.1\dev\XRengine\XRengine\3rdparty\ImGui\examples\imgui_impl_vulkan_with_textures.cpp", "C++", 0, 1179, 0, 0, 0, 0, 0, 0, 0, 0, 0, 0, 0, 0, 0, 0, 0, 0, 176, 160, 1515
"d:\Study\bishe2023.1\dev\XRengine\XRengine\3rdparty\ImGui\examples\imgui_impl_vulkan_with_textures.h", "C++", 0, 72, 0, 0, 0, 0, 0, 0, 0, 0, 0, 0, 0, 0, 0, 0, 0, 0, 40, 16, 128
"d:\Study\bishe2023.1\dev\XRengine\XRengine\3rdparty\ImGui\examples\libs\emscripten\emscripten_mainloop_stub.h", "C++", 0, 11, 0, 0, 0, 0, 0, 0, 0, 0, 0, 0, 0, 0, 0, 0, 0, 0, 25, 2, 38
"d:\Study\bishe2023.1\dev\XRengine\XRengine\3rdparty\ImGui\examples\libs\emscripten\shell_minimal.html", "HTML", 0, 0, 0, 0, 0, 0, 0, 0, 0, 0, 0, 0, 65, 0, 0, 0, 0, 0, 0, 1, 66
"d:\Study\bishe2023.1\dev\XRengine\XRengine\3rdparty\ImGui\examples\libs\glfw\include\GLFW\glfw3.h", "C++", 0, 475, 0, 0, 0, 0, 0, 0, 0, 0, 0, 0, 0, 0, 0, 0, 0, 0, 3570, 183, 4228
"d:\Study\bishe2023.1\dev\XRengine\XRengine\3rdparty\ImGui\examples\libs\glfw\include\GLFW\glfw3native.h", "C++", 0, 77, 0, 0, 0, 0, 0, 0, 0, 0, 0, 0, 0, 0, 0, 0, 0, 0, 343, 37, 457
"d:\Study\bishe2023.1\dev\XRengine\XRengine\3rdparty\ImGui\examples\libs\usynergy\uSynergy.c", "C", 0, 0, 0, 0, 0, 0, 366, 0, 0, 0, 0, 0, 0, 0, 0, 0, 0, 0, 194, 77, 637
"d:\Study\bishe2023.1\dev\XRengine\XRengine\3rdparty\ImGui\examples\libs\usynergy\uSynergy.h", "C++", 0, 96, 0, 0, 0, 0, 0, 0, 0, 0, 0, 0, 0, 0, 0, 0, 0, 0, 237, 88, 421
"d:\Study\bishe2023.1\dev\XRengine\XRengine\3rdparty\ImGui\imconfig.h", "C++", 0, 1, 0, 0, 0, 0, 0, 0, 0, 0, 0, 0, 0, 0, 0, 0, 0, 0, 100, 20, 121
"d:\Study\bishe2023.1\dev\XRengine\XRengine\3rdparty\ImGui\imgui.cpp", "C++", 0, 15271, 0, 0, 0, 0, 0, 0, 0, 0, 0, 0, 0, 0, 0, 0, 0, 0, 3507, 2162, 20940
"d:\Study\bishe2023.1\dev\XRengine\XRengine\3rdparty\ImGui\imgui.h", "C++", 0, 2118, 0, 0, 0, 0, 0, 0, 0, 0, 0, 0, 0, 0, 0, 0, 0, 0, 935, 306, 3359
"d:\Study\bishe2023.1\dev\XRengine\XRengine\3rdparty\ImGui\imgui_demo.cpp", "C++", 0, 6742, 0, 0, 0, 0, 0, 0, 0, 0, 0, 0, 0, 0, 0, 0, 0, 0, 938, 757, 8437
"d:\Study\bishe2023.1\dev\XRengine\XRengine\3rdparty\ImGui\imgui_draw.cpp", "C++", 0, 3272, 0, 0, 0, 0, 0, 0, 0, 0, 0, 0, 0, 0, 0, 0, 0, 0, 499, 431, 4202
"d:\Study\bishe2023.1\dev\XRengine\XRengine\3rdparty\ImGui\imgui_internal.h", "C++", 0, 2778, 0, 0, 0, 0, 0, 0, 0, 0, 0, 0, 0, 0, 0, 0, 0, 0, 478, 368, 3624
"d:\Study\bishe2023.1\dev\XRengine\XRengine\3rdparty\ImGui\imgui_tables.cpp", "C++", 0, 2768, 0, 0, 0, 0, 0, 0, 0, 0, 0, 0, 0, 0, 0, 0, 0, 0, 900, 453, 4121
"d:\Study\bishe2023.1\dev\XRengine\XRengine\3rdparty\ImGui\imgui_widgets.cpp", "C++", 0, 6497, 0, 0, 0, 0, 0, 0, 0, 0, 0, 0, 0, 0, 0, 0, 0, 0, 1104, 1002, 8603
"d:\Study\bishe2023.1\dev\XRengine\XRengine\3rdparty\ImGui\imstb_rectpack.h", "C++", 0, 324, 0, 0, 0, 0, 0, 0, 0, 0, 0, 0, 0, 0, 0, 0, 0, 0, 229, 75, 628
"d:\Study\bishe2023.1\dev\XRengine\XRengine\3rdparty\ImGui\imstb_textedit.h", "C++", 0, 808, 0, 0, 0, 0, 0, 0, 0, 0, 0, 0, 0, 0, 0, 0, 0, 0, 463, 167, 1438
"d:\Study\bishe2023.1\dev\XRengine\XRengine\3rdparty\ImGui\imstb_truetype.h", "C++", 0, 3485, 0, 0, 0, 0, 0, 0, 0, 0, 0, 0, 0, 0, 0, 0, 0, 0, 1010, 591, 5086
"d:\Study\bishe2023.1\dev\XRengine\XRengine\3rdparty\ImGui\misc\cpp\imgui_stdlib.cpp", "C++", 0, 55, 0, 0, 0, 0, 0, 0, 0, 0, 0, 0, 0, 0, 0, 0, 0, 0, 7, 11, 73
"d:\Study\bishe2023.1\dev\XRengine\XRengine\3rdparty\ImGui\misc\cpp\imgui_stdlib.h", "C++", 0, 8, 0, 0, 0, 0, 0, 0, 0, 0, 0, 0, 0, 0, 0, 0, 0, 0, 6, 5, 19
"d:\Study\bishe2023.1\dev\XRengine\XRengine\3rdparty\ImGui\misc\fonts\binary_to_compressed_c.cpp", "C++", 0, 283, 0, 0, 0, 0, 0, 0, 0, 0, 0, 0, 0, 0, 0, 0, 0, 0, 43, 63, 389
"d:\Study\bishe2023.1\dev\XRengine\XRengine\3rdparty\ImGui\misc\freetype\README.md", "Markdown", 0, 0, 0, 0, 23, 0, 0, 0, 0, 0, 0, 0, 0, 0, 0, 0, 0, 0, 0, 15, 38
"d:\Study\bishe2023.1\dev\XRengine\XRengine\3rdparty\ImGui\misc\freetype\imgui_freetype.cpp", "C++", 0, 555, 0, 0, 0, 0, 0, 0, 0, 0, 0, 0, 0, 0, 0, 0, 0, 0, 137, 101, 793
"d:\Study\bishe2023.1\dev\XRengine\XRengine\3rdparty\ImGui\misc\freetype\imgui_freetype.h", "C++", 0, 25, 0, 0, 0, 0, 0, 0, 0, 0, 0, 0, 0, 0, 0, 0, 0, 0, 18, 8, 51
"d:\Study\bishe2023.1\dev\XRengine\XRengine\3rdparty\ImGui\misc\single_file\imgui_single_file.h", "C++", 0, 14, 0, 0, 0, 0, 0, 0, 0, 0, 0, 0, 0, 0, 0, 0, 0, 0, 8, 3, 25
"d:\Study\bishe2023.1\dev\XRengine\XRengine\3rdparty\ImGui\premake5.lua", "Lua", 0, 0, 0, 0, 0, 37, 0, 0, 0, 0, 0, 0, 0, 0, 0, 0, 0, 0, 0, 8, 45
"d:\Study\bishe2023.1\dev\XRengine\XRengine\3rdparty\spdlog\.github\workflows\ci.yml", "YAML", 0, 0, 0, 0, 0, 0, 0, 77, 0, 0, 0, 0, 0, 0, 0, 0, 0, 0, 0, 5, 82
"d:\Study\bishe2023.1\dev\XRengine\XRengine\3rdparty\spdlog\CMakeLists.txt", "CMake", 0, 0, 237, 0, 0, 0, 0, 0, 0, 0, 0, 0, 0, 0, 0, 0, 0, 0, 60, 59, 356
"d:\Study\bishe2023.1\dev\XRengine\XRengine\3rdparty\spdlog\README.md", "Markdown", 0, 0, 0, 0, 417, 0, 0, 0, 0, 0, 0, 0, 0, 0, 0, 0, 0, 0, 0, 68, 485
"d:\Study\bishe2023.1\dev\XRengine\XRengine\3rdparty\spdlog\appveyor.yml", "YAML", 0, 0, 0, 0, 0, 0, 0, 118, 0, 0, 0, 0, 0, 0, 0, 0, 0, 0, 0, 8, 126
"d:\Study\bishe2023.1\dev\XRengine\XRengine\3rdparty\spdlog\bench\CMakeLists.txt", "CMake", 0, 0, 28, 0, 0, 0, 0, 0, 0, 0, 0, 0, 0, 0, 0, 0, 0, 0, 5, 9, 42
"d:\Study\bishe2023.1\dev\XRengine\XRengine\3rdparty\spdlog\bench\async_bench.cpp", "C++", 0, 154, 0, 0, 0, 0, 0, 0, 0, 0, 0, 0, 0, 0, 0, 0, 0, 0, 9, 24, 187
"d:\Study\bishe2023.1\dev\XRengine\XRengine\3rdparty\spdlog\bench\bench.cpp", "C++", 0, 158, 0, 0, 0, 0, 0, 0, 0, 0, 0, 0, 0, 0, 0, 0, 0, 0, 59, 31, 248
"d:\Study\bishe2023.1\dev\XRengine\XRengine\3rdparty\spdlog\bench\formatter-bench.cpp", "C++", 0, 57, 0, 0, 0, 0, 0, 0, 0, 0, 0, 0, 0, 0, 0, 0, 0, 0, 12, 12, 81
"d:\Study\bishe2023.1\dev\XRengine\XRengine\3rdparty\spdlog\bench\latency.cpp", "C++", 0, 119, 0, 0, 0, 0, 0, 0, 0, 0, 0, 0, 0, 0, 0, 0, 0, 0, 22, 26, 167
"d:\Study\bishe2023.1\dev\XRengine\XRengine\3rdparty\spdlog\bench\utils.h", "C++", 0, 24, 0, 0, 0, 0, 0, 0, 0, 0, 0, 0, 0, 0, 0, 0, 0, 0, 4, 7, 35
"d:\Study\bishe2023.1\dev\XRengine\XRengine\3rdparty\spdlog\cmake\ide.cmake", "CMake", 0, 0, 13, 0, 0, 0, 0, 0, 0, 0, 0, 0, 0, 0, 0, 0, 0, 0, 3, 3, 19
"d:\Study\bishe2023.1\dev\XRengine\XRengine\3rdparty\spdlog\cmake\spdlogCPack.cmake", "CMake", 0, 0, 51, 0, 0, 0, 0, 0, 0, 0, 0, 0, 0, 0, 0, 0, 0, 0, 1, 9, 61
"d:\Study\bishe2023.1\dev\XRengine\XRengine\3rdparty\spdlog\cmake\utils.cmake", "CMake", 0, 0, 53, 0, 0, 0, 0, 0, 0, 0, 0, 0, 0, 0, 0, 0, 0, 0, 3, 7, 63
"d:\Study\bishe2023.1\dev\XRengine\XRengine\3rdparty\spdlog\example\CMakeLists.txt", "CMake", 0, 0, 11, 0, 0, 0, 0, 0, 0, 0, 0, 0, 0, 0, 0, 0, 0, 0, 8, 5, 24
"d:\Study\bishe2023.1\dev\XRengine\XRengine\3rdparty\spdlog\example\example.cpp", "C++", 0, 271, 0, 0, 0, 0, 0, 0, 0, 0, 0, 0, 0, 0, 0, 0, 0, 0, 70, 51, 392
"d:\Study\bishe2023.1\dev\XRengine\XRengine\3rdparty\spdlog\include\spdlog\async.h", "C++", 0, 64, 0, 0, 0, 0, 0, 0, 0, 0, 0, 0, 0, 0, 0, 0, 0, 0, 18, 18, 100
"d:\Study\bishe2023.1\dev\XRengine\XRengine\3rdparty\spdlog\include\spdlog\async_logger-inl.h", "C++", 0, 73, 0, 0, 0, 0, 0, 0, 0, 0, 0, 0, 0, 0, 0, 0, 0, 0, 7, 13, 93
"d:\Study\bishe2023.1\dev\XRengine\XRengine\3rdparty\spdlog\include\spdlog\async_logger.h", "C++", 0, 40, 0, 0, 0, 0, 0, 0, 0, 0, 0, 0, 0, 0, 0, 0, 0, 0, 14, 15, 69
"d:\Study\bishe2023.1\dev\XRengine\XRengine\3rdparty\spdlog\include\spdlog\cfg\argv.h", "C++", 0, 24, 0, 0, 0, 0, 0, 0, 0, 0, 0, 0, 0, 0, 0, 0, 0, 0, 12, 9, 45
"d:\Study\bishe2023.1\dev\XRengine\XRengine\3rdparty\spdlog\include\spdlog\cfg\env.h", "C++", 0, 16, 0, 0, 0, 0, 0, 0, 0, 0, 0, 0, 0, 0, 0, 0, 0, 0, 17, 6, 39
"d:\Study\bishe2023.1\dev\XRengine\XRengine\3rdparty\spdlog\include\spdlog\cfg\helpers-inl.h", "C++", 0, 92, 0, 0, 0, 0, 0, 0, 0, 0, 0, 0, 0, 0, 0, 0, 0, 0, 13, 16, 121
"d:\Study\bishe2023.1\dev\XRengine\XRengine\3rdparty\spdlog\include\spdlog\cfg\helpers.h", "C++", 0, 13, 0, 0, 0, 0, 0, 0, 0, 0, 0, 0, 0, 0, 0, 0, 0, 0, 11, 6, 30
"d:\Study\bishe2023.1\dev\XRengine\XRengine\3rdparty\spdlog\include\spdlog\common-inl.h", "C++", 0, 63, 0, 0, 0, 0, 0, 0, 0, 0, 0, 0, 0, 0, 0, 0, 0, 0, 3, 17, 83
"d:\Study\bishe2023.1\dev\XRengine\XRengine\3rdparty\spdlog\include\spdlog\common.h", "C++", 0, 328, 0, 0, 0, 0, 0, 0, 0, 0, 0, 0, 0, 0, 0, 0, 0, 0, 21, 64, 413
"d:\Study\bishe2023.1\dev\XRengine\XRengine\3rdparty\spdlog\include\spdlog\details\backtracer-inl.h", "C++", 0, 62, 0, 0, 0, 0, 0, 0, 0, 0, 0, 0, 0, 0, 0, 0, 0, 0, 3, 11, 76
"d:\Study\bishe2023.1\dev\XRengine\XRengine\3rdparty\spdlog\include\spdlog\details\backtracer.h", "C++", 0, 30, 0, 0, 0, 0, 0, 0, 0, 0, 0, 0, 0, 0, 0, 0, 0, 0, 5, 12, 47
"d:\Study\bishe2023.1\dev\XRengine\XRengine\3rdparty\spdlog\include\spdlog\details\circular_q.h", "C++", 0, 107, 0, 0, 0, 0, 0, 0, 0, 0, 0, 0, 0, 0, 0, 0, 0, 0, 17, 23, 147
"d:\Study\bishe2023.1\dev\XRengine\XRengine\3rdparty\spdlog\include\spdlog\details\console_globals.h", "C++", 0, 25, 0, 0, 0, 0, 0, 0, 0, 0, 0, 0, 0, 0, 0, 0, 0, 0, 2, 6, 33
"d:\Study\bishe2023.1\dev\XRengine\XRengine\3rdparty\spdlog\include\spdlog\details\file_helper-inl.h", "C++", 0, 130, 0, 0, 0, 0, 0, 0, 0, 0, 0, 0, 0, 0, 0, 0, 0, 0, 24, 27, 181
"d:\Study\bishe2023.1\dev\XRengine\XRengine\3rdparty\spdlog\include\spdlog\details\file_helper.h", "C++", 0, 34, 0, 0, 0, 0, 0, 0, 0, 0, 0, 0, 0, 0, 0, 0, 0, 0, 18, 11, 63
"d:\Study\bishe2023.1\dev\XRengine\XRengine\3rdparty\spdlog\include\spdlog\details\fmt_helper.h", "C++", 0, 136, 0, 0, 0, 0, 0, 0, 0, 0, 0, 0, 0, 0, 0, 0, 0, 0, 13, 16, 165
"d:\Study\bishe2023.1\dev\XRengine\XRengine\3rdparty\spdlog\include\spdlog\details\log_msg-inl.h", "C++", 0, 27, 0, 0, 0, 0, 0, 0, 0, 0, 0, 0, 0, 0, 0, 0, 0, 0, 2, 9, 38
"d:\Study\bishe2023.1\dev\XRengine\XRengine\3rdparty\spdlog\include\spdlog\details\log_msg.h", "C++", 0, 27, 0, 0, 0, 0, 0, 0, 0, 0, 0, 0, 0, 0, 0, 0, 0, 0, 3, 8, 38
"d:\Study\bishe2023.1\dev\XRengine\XRengine\3rdparty\spdlog\include\spdlog\details\log_msg_buffer-inl.h", "C++", 0, 46, 0, 0, 0, 0, 0, 0, 0, 0, 0, 0, 0, 0, 0, 0, 0, 0, 2, 11, 59
"d:\Study\bishe2023.1\dev\XRengine\XRengine\3rdparty\spdlog\include\spdlog\details\log_msg_buffer.h", "C++", 0, 21, 0, 0, 0, 0, 0, 0, 0, 0, 0, 0, 0, 0, 0, 0, 0, 0, 4, 9, 34
"d:\Study\bishe2023.1\dev\XRengine\XRengine\3rdparty\spdlog\include\spdlog\details\mpmc_blocking_q.h", "C++", 0, 114, 0, 0, 0, 0, 0, 0, 0, 0, 0, 0, 0, 0, 0, 0, 0, 0, 20, 21, 155
"d:\Study\bishe2023.1\dev\XRengine\XRengine\3rdparty\spdlog\include\spdlog\details\null_mutex.h", "C++", 0, 33, 0, 0, 0, 0, 0, 0, 0, 0, 0, 0, 0, 0, 0, 0, 0, 0, 3, 10, 46
"d:\Study\bishe2023.1\dev\XRengine\XRengine\3rdparty\spdlog\include\spdlog\details\os-inl.h", "C++", 0, 496, 0, 0, 0, 0, 0, 0, 0, 0, 0, 0, 0, 0, 0, 0, 0, 0, 35, 88, 619
"d:\Study\bishe2023.1\dev\XRengine\XRengine\3rdparty\spdlog\include\spdlog\details\os.h", "C++", 0, 56, 0, 0, 0, 0, 0, 0, 0, 0, 0, 0, 0, 0, 0, 0, 0, 0, 32, 35, 123
"d:\Study\bishe2023.1\dev\XRengine\XRengine\3rdparty\spdlog\include\spdlog\details\periodic_worker-inl.h", "C++", 0, 20, 0, 0, 0, 0, 0, 0, 0, 0, 0, 0, 0, 0, 0, 0, 0, 0, 3, 6, 29
"d:\Study\bishe2023.1\dev\XRengine\XRengine\3rdparty\spdlog\include\spdlog\details\periodic_worker.h", "C++", 0, 45, 0, 0, 0, 0, 0, 0, 0, 0, 0, 0, 0, 0, 0, 0, 0, 0, 8, 8, 61
"d:\Study\bishe2023.1\dev\XRengine\XRengine\3rdparty\spdlog\include\spdlog\details\registry-inl.h", "C++", 0, 246, 0, 0, 0, 0, 0, 0, 0, 0, 0, 0, 0, 0, 0, 0, 0, 0, 14, 47, 307
"d:\Study\bishe2023.1\dev\XRengine\XRengine\3rdparty\spdlog\include\spdlog\details\registry.h", "C++", 0, 74, 0, 0, 0, 0, 0, 0, 0, 0, 0, 0, 0, 0, 0, 0, 0, 0, 15, 33, 122
"d:\Study\bishe2023.1\dev\XRengine\XRengine\3rdparty\spdlog\include\spdlog\details\synchronous_factory.h", "C++", 0, 16, 0, 0, 0, 0, 0, 0, 0, 0, 0, 0, 0, 0, 0, 0, 0, 0, 3, 6, 25
"d:\Study\bishe2023.1\dev\XRengine\XRengine\3rdparty\spdlog\include\spdlog\details\tcp_client-windows.h", "C++", 0, 131, 0, 0, 0, 0, 0, 0, 0, 0, 0, 0, 0, 0, 0, 0, 0, 0, 8, 22, 161
"d:\Study\bishe2023.1\dev\XRengine\XRengine\3rdparty\spdlog\include\spdlog\details\tcp_client.h", "C++", 0, 119, 0, 0, 0, 0, 0, 0, 0, 0, 0, 0, 0, 0, 0, 0, 0, 0, 9, 19, 147
"d:\Study\bishe2023.1\dev\XRengine\XRengine\3rdparty\spdlog\include\spdlog\details\thread_pool-inl.h", "C++", 0, 109, 0, 0, 0, 0, 0, 0, 0, 0, 0, 0, 0, 0, 0, 0, 0, 0, 6, 23, 138
"d:\Study\bishe2023.1\dev\XRengine\XRengine\3rdparty\spdlog\include\spdlog\details\thread_pool.h", "C++", 0, 85, 0, 0, 0, 0, 0, 0, 0, 0, 0, 0, 0, 0, 0, 0, 0, 0, 11, 27, 123
"d:\Study\bishe2023.1\dev\XRengine\XRengine\3rdparty\spdlog\include\spdlog\details\udp_client-windows.h", "C++", 0, 93, 0, 0, 0, 0, 0, 0, 0, 0, 0, 0, 0, 0, 0, 0, 0, 0, 4, 17, 114
"d:\Study\bishe2023.1\dev\XRengine\XRengine\3rdparty\spdlog\include\spdlog\details\udp_client.h", "C++", 0, 71, 0, 0, 0, 0, 0, 0, 0, 0, 0, 0, 0, 0, 0, 0, 0, 0, 6, 18, 95
"d:\Study\bishe2023.1\dev\XRengine\XRengine\3rdparty\spdlog\include\spdlog\details\windows_include.h", "C++", 0, 8, 0, 0, 0, 0, 0, 0, 0, 0, 0, 0, 0, 0, 0, 0, 0, 0, 0, 4, 12
"d:\Study\bishe2023.1\dev\XRengine\XRengine\3rdparty\spdlog\include\spdlog\fmt\bin_to_hex.h", "C++", 0, 191, 0, 0, 0, 0, 0, 0, 0, 0, 0, 0, 0, 0, 0, 0, 0, 0, 27, 31, 249
"d:\Study\bishe2023.1\dev\XRengine\XRengine\3rdparty\spdlog\include\spdlog\fmt\bundled\args.h", "C++", 0, 135, 0, 0, 0, 0, 0, 0, 0, 0, 0, 0, 0, 0, 0, 0, 0, 0, 67, 33, 235
"d:\Study\bishe2023.1\dev\XRengine\XRengine\3rdparty\spdlog\include\spdlog\fmt\bundled\chrono.h", "C++", 0, 1729, 0, 0, 0, 0, 0, 0, 0, 0, 0, 0, 0, 0, 0, 0, 0, 0, 156, 185, 2070
"d:\Study\bishe2023.1\dev\XRengine\XRengine\3rdparty\spdlog\include\spdlog\fmt\bundled\color.h", "C++", 0, 518, 0, 0, 0, 0, 0, 0, 0, 0, 0, 0, 0, 0, 0, 0, 0, 0, 77, 57, 652
"d:\Study\bishe2023.1\dev\XRengine\XRengine\3rdparty\spdlog\include\spdlog\fmt\bundled\compile.h", "C++", 0, 496, 0, 0, 0, 0, 0, 0, 0, 0, 0, 0, 0, 0, 0, 0, 0, 0, 30, 86, 612
"d:\Study\bishe2023.1\dev\XRengine\XRengine\3rdparty\spdlog\include\spdlog\fmt\bundled\core.h", "C++", 0, 2561, 0, 0, 0, 0, 0, 0, 0, 0, 0, 0, 0, 0, 0, 0, 0, 0, 348, 415, 3324
"d:\Study\bishe2023.1\dev\XRengine\XRengine\3rdparty\spdlog\include\spdlog\fmt\bundled\fmt.license.rst", "reStructuredText", 0, 0, 0, 0, 0, 0, 0, 0, 0, 0, 0, 0, 0, 0, 0, 0, 0, 22, 0, 6, 28
"d:\Study\bishe2023.1\dev\XRengine\XRengine\3rdparty\spdlog\include\spdlog\fmt\bundled\format-inl.h", "C++", 0, 1477, 0, 0, 0, 0, 0, 0, 0, 0, 0, 0, 0, 0, 0, 0, 0, 0, 115, 132, 1724
"d:\Study\bishe2023.1\dev\XRengine\XRengine\3rdparty\spdlog\include\spdlog\fmt\bundled\format.h", "C++", 0, 3335, 0, 0, 0, 0, 0, 0, 0, 0, 0, 0, 0, 0, 0, 0, 0, 0, 492, 391, 4218
"d:\Study\bishe2023.1\dev\XRengine\XRengine\3rdparty\spdlog\include\spdlog\fmt\bundled\locale.h", "C++", 0, 2, 0, 0, 0, 0, 0, 0, 0, 0, 0, 0, 0, 0, 0, 0, 0, 0, 0, 1, 3
"d:\Study\bishe2023.1\dev\XRengine\XRengine\3rdparty\spdlog\include\spdlog\fmt\bundled\os.h", "C++", 0, 259, 0, 0, 0, 0, 0, 0, 0, 0, 0, 0, 0, 0, 0, 0, 0, 0, 139, 81, 479
"d:\Study\bishe2023.1\dev\XRengine\XRengine\3rdparty\spdlog\include\spdlog\fmt\bundled\ostream.h", "C++", 0, 170, 0, 0, 0, 0, 0, 0, 0, 0, 0, 0, 0, 0, 0, 0, 0, 0, 34, 34, 238
"d:\Study\bishe2023.1\dev\XRengine\XRengine\3rdparty\spdlog\include\spdlog\fmt\bundled\printf.h", "C++", 0, 469, 0, 0, 0, 0, 0, 0, 0, 0, 0, 0, 0, 0, 0, 0, 0, 0, 94, 78, 641
"d:\Study\bishe2023.1\dev\XRengine\XRengine\3rdparty\spdlog\include\spdlog\fmt\bundled\ranges.h", "C++", 0, 557, 0, 0, 0, 0, 0, 0, 0, 0, 0, 0, 0, 0, 0, 0, 0, 0, 50, 116, 723
"d:\Study\bishe2023.1\dev\XRengine\XRengine\3rdparty\spdlog\include\spdlog\fmt\bundled\std.h", "C++", 0, 137, 0, 0, 0, 0, 0, 0, 0, 0, 0, 0, 0, 0, 0, 0, 0, 0, 9, 26, 172
"d:\Study\bishe2023.1\dev\XRengine\XRengine\3rdparty\spdlog\include\spdlog\fmt\bundled\xchar.h", "C++", 0, 186, 0, 0, 0, 0, 0, 0, 0, 0, 0, 0, 0, 0, 0, 0, 0, 0, 12, 32, 230
"d:\Study\bishe2023.1\dev\XRengine\XRengine\3rdparty\spdlog\include\spdlog\fmt\chrono.h", "C++", 0, 13, 0, 0, 0, 0, 0, 0, 0, 0, 0, 0, 0, 0, 0, 0, 0, 0, 7, 3, 23
"d:\Study\bishe2023.1\dev\XRengine\XRengine\3rdparty\spdlog\include\spdlog\fmt\compile.h", "C++", 0, 13, 0, 0, 0, 0, 0, 0, 0, 0, 0, 0, 0, 0, 0, 0, 0, 0, 7, 3, 23
"d:\Study\bishe2023.1\dev\XRengine\XRengine\3rdparty\spdlog\include\spdlog\fmt\fmt.h", "C++", 0, 18, 0, 0, 0, 0, 0, 0, 0, 0, 0, 0, 0, 0, 0, 0, 0, 0, 10, 6, 34
"d:\Study\bishe2023.1\dev\XRengine\XRengine\3rdparty\spdlog\include\spdlog\fmt\ostr.h", "C++", 0, 13, 0, 0, 0, 0, 0, 0, 0, 0, 0, 0, 0, 0, 0, 0, 0, 0, 7, 3, 23
"d:\Study\bishe2023.1\dev\XRengine\XRengine\3rdparty\spdlog\include\spdlog\fmt\ranges.h", "C++", 0, 13, 0, 0, 0, 0, 0, 0, 0, 0, 0, 0, 0, 0, 0, 0, 0, 0, 7, 3, 23
"d:\Study\bishe2023.1\dev\XRengine\XRengine\3rdparty\spdlog\include\spdlog\fmt\std.h", "C++", 0, 13, 0, 0, 0, 0, 0, 0, 0, 0, 0, 0, 0, 0, 0, 0, 0, 0, 8, 3, 24
"d:\Study\bishe2023.1\dev\XRengine\XRengine\3rdparty\spdlog\include\spdlog\fmt\xchar.h", "C++", 0, 13, 0, 0, 0, 0, 0, 0, 0, 0, 0, 0, 0, 0, 0, 0, 0, 0, 7, 3, 23
"d:\Study\bishe2023.1\dev\XRengine\XRengine\3rdparty\spdlog\include\spdlog\formatter.h", "C++", 0, 12, 0, 0, 0, 0, 0, 0, 0, 0, 0, 0, 0, 0, 0, 0, 0, 0, 2, 5, 19
"d:\Study\bishe2023.1\dev\XRengine\XRengine\3rdparty\spdlog\include\spdlog\fwd.h", "C++", 0, 11, 0, 0, 0, 0, 0, 0, 0, 0, 0, 0, 0, 0, 0, 0, 0, 0, 2, 6, 19
"d:\Study\bishe2023.1\dev\XRengine\XRengine\3rdparty\spdlog\include\spdlog\logger-inl.h", "C++", 0, 206, 0, 0, 0, 0, 0, 0, 0, 0, 0, 0, 0, 0, 0, 0, 0, 0, 15, 37, 258
"d:\Study\bishe2023.1\dev\XRengine\XRengine\3rdparty\spdlog\include\spdlog\logger.h", "C++", 0, 321, 0, 0, 0, 0, 0, 0, 0, 0, 0, 0, 0, 0, 0, 0, 0, 0, 37, 71, 429
"d:\Study\bishe2023.1\dev\XRengine\XRengine\3rdparty\spdlog\include\spdlog\pattern_formatter-inl.h", "C++", 0, 1173, 0, 0, 0, 0, 0, 0, 0, 0, 0, 0, 0, 0, 0, 0, 0, 0, 65, 199, 1437
"d:\Study\bishe2023.1\dev\XRengine\XRengine\3rdparty\spdlog\include\spdlog\pattern_formatter.h", "C++", 0, 97, 0, 0, 0, 0, 0, 0, 0, 0, 0, 0, 0, 0, 0, 0, 0, 0, 7, 25, 129
"d:\Study\bishe2023.1\dev\XRengine\XRengine\3rdparty\spdlog\include\spdlog\sinks\android_sink.h", "C++", 0, 108, 0, 0, 0, 0, 0, 0, 0, 0, 0, 0, 0, 0, 0, 0, 0, 0, 11, 24, 143
"d:\Study\bishe2023.1\dev\XRengine\XRengine\3rdparty\spdlog\include\spdlog\sinks\ansicolor_sink-inl.h", "C++", 0, 117, 0, 0, 0, 0, 0, 0, 0, 0, 0, 0, 0, 0, 0, 0, 0, 0, 9, 20, 146
"d:\Study\bishe2023.1\dev\XRengine\XRengine\3rdparty\spdlog\include\spdlog\sinks\ansicolor_sink.h", "C++", 0, 86, 0, 0, 0, 0, 0, 0, 0, 0, 0, 0, 0, 0, 0, 0, 0, 0, 12, 21, 119
"d:\Study\bishe2023.1\dev\XRengine\XRengine\3rdparty\spdlog\include\spdlog\sinks\base_sink-inl.h", "C++", 0, 49, 0, 0, 0, 0, 0, 0, 0, 0, 0, 0, 0, 0, 0, 0, 0, 0, 2, 13, 64
"d:\Study\bishe2023.1\dev\XRengine\XRengine\3rdparty\spdlog\include\spdlog\sinks\base_sink.h", "C++", 0, 34, 0, 0, 0, 0, 0, 0, 0, 0, 0, 0, 0, 0, 0, 0, 0, 0, 9, 10, 53
"d:\Study\bishe2023.1\dev\XRengine\XRengine\3rdparty\spdlog\include\spdlog\sinks\basic_file_sink-inl.h", "C++", 0, 33, 0, 0, 0, 0, 0, 0, 0, 0, 0, 0, 0, 0, 0, 0, 0, 0, 2, 10, 45
"d:\Study\bishe2023.1\dev\XRengine\XRengine\3rdparty\spdlog\include\spdlog\sinks\basic_file_sink.h", "C++", 0, 40, 0, 0, 0, 0, 0, 0, 0, 0, 0, 0, 0, 0, 0, 0, 0, 0, 8, 13, 61
"d:\Study\bishe2023.1\dev\XRengine\XRengine\3rdparty\spdlog\include\spdlog\sinks\callback_sink.h", "C++", 0, 39, 0, 0, 0, 0, 0, 0, 0, 0, 0, 0, 0, 0, 0, 0, 0, 0, 9, 14, 62
"d:\Study\bishe2023.1\dev\XRengine\XRengine\3rdparty\spdlog\include\spdlog\sinks\daily_file_sink.h", "C++", 0, 230, 0, 0, 0, 0, 0, 0, 0, 0, 0, 0, 0, 0, 0, 0, 0, 0, 32, 36, 298
"d:\Study\bishe2023.1\dev\XRengine\XRengine\3rdparty\spdlog\include\spdlog\sinks\dist_sink.h", "C++", 0, 76, 0, 0, 0, 0, 0, 0, 0, 0, 0, 0, 0, 0, 0, 0, 0, 0, 4, 18, 98
"d:\Study\bishe2023.1\dev\XRengine\XRengine\3rdparty\spdlog\include\spdlog\sinks\dup_filter_sink.h", "C++", 0, 58, 0, 0, 0, 0, 0, 0, 0, 0, 0, 0, 0, 0, 0, 0, 0, 0, 26, 13, 97
"d:\Study\bishe2023.1\dev\XRengine\XRengine\3rdparty\spdlog\include\spdlog\sinks\hourly_file_sink.h", "C++", 0, 164, 0, 0, 0, 0, 0, 0, 0, 0, 0, 0, 0, 0, 0, 0, 0, 0, 18, 23, 205
"d:\Study\bishe2023.1\dev\XRengine\XRengine\3rdparty\spdlog\include\spdlog\sinks\mongo_sink.h", "C++", 0, 82, 0, 0, 0, 0, 0, 0, 0, 0, 0, 0, 0, 0, 0, 0, 0, 0, 8, 18, 108
"d:\Study\bishe2023.1\dev\XRengine\XRengine\3rdparty\spdlog\include\spdlog\sinks\msvc_sink.h", "C++", 0, 39, 0, 0, 0, 0, 0, 0, 0, 0, 0, 0, 0, 0, 0, 0, 0, 0, 6, 15, 60
"d:\Study\bishe2023.1\dev\XRengine\XRengine\3rdparty\spdlog\include\spdlog\sinks\null_sink.h", "C++", 0, 32, 0, 0, 0, 0, 0, 0, 0, 0, 0, 0, 0, 0, 0, 0, 0, 0, 2, 11, 45
"d:\Study\bishe2023.1\dev\XRengine\XRengine\3rdparty\spdlog\include\spdlog\sinks\ostream_sink.h", "C++", 0, 39, 0, 0, 0, 0, 0, 0, 0, 0, 0, 0, 0, 0, 0, 0, 0, 0, 2, 10, 51
"d:\Study\bishe2023.1\dev\XRengine\XRengine\3rdparty\spdlog\include\spdlog\sinks\qt_sinks.h", "C++", 0, 74, 0, 0, 0, 0, 0, 0, 0, 0, 0, 0, 0, 0, 0, 0, 0, 0, 12, 17, 103
"d:\Study\bishe2023.1\dev\XRengine\XRengine\3rdparty\spdlog\include\spdlog\sinks\ringbuffer_sink.h", "C++", 0, 58, 0, 0, 0, 0, 0, 0, 0, 0, 0, 0, 0, 0, 0, 0, 0, 0, 5, 12, 75
"d:\Study\bishe2023.1\dev\XRengine\XRengine\3rdparty\spdlog\include\spdlog\sinks\rotating_file_sink-inl.h", "C++", 0, 115, 0, 0, 0, 0, 0, 0, 0, 0, 0, 0, 0, 0, 0, 0, 0, 0, 18, 20, 153
"d:\Study\bishe2023.1\dev\XRengine\XRengine\3rdparty\spdlog\include\spdlog\sinks\rotating_file_sink.h", "C++", 0, 51, 0, 0, 0, 0, 0, 0, 0, 0, 0, 0, 0, 0, 0, 0, 0, 0, 15, 16, 82
"d:\Study\bishe2023.1\dev\XRengine\XRengine\3rdparty\spdlog\include\spdlog\sinks\sink-inl.h", "C++", 0, 17, 0, 0, 0, 0, 0, 0, 0, 0, 0, 0, 0, 0, 0, 0, 0, 0, 2, 7, 26
"d:\Study\bishe2023.1\dev\XRengine\XRengine\3rdparty\spdlog\include\spdlog\sinks\sink.h", "C++", 0, 24, 0, 0, 0, 0, 0, 0, 0, 0, 0, 0, 0, 0, 0, 0, 0, 0, 3, 9, 36
"d:\Study\bishe2023.1\dev\XRengine\XRengine\3rdparty\spdlog\include\spdlog\sinks\stdout_color_sinks-inl.h", "C++", 0, 28, 0, 0, 0, 0, 0, 0, 0, 0, 0, 0, 0, 0, 0, 0, 0, 0, 2, 9, 39
"d:\Study\bishe2023.1\dev\XRengine\XRengine\3rdparty\spdlog\include\spdlog\sinks\stdout_color_sinks.h", "C++", 0, 33, 0, 0, 0, 0, 0, 0, 0, 0, 0, 0, 0, 0, 0, 0, 0, 0, 2, 11, 46
"d:\Study\bishe2023.1\dev\XRengine\XRengine\3rdparty\spdlog\include\spdlog\sinks\stdout_sinks-inl.h", "C++", 0, 106, 0, 0, 0, 0, 0, 0, 0, 0, 0, 0, 0, 0, 0, 0, 0, 0, 11, 23, 140
"d:\Study\bishe2023.1\dev\XRengine\XRengine\3rdparty\spdlog\include\spdlog\sinks\stdout_sinks.h", "C++", 0, 62, 0, 0, 0, 0, 0, 0, 0, 0, 0, 0, 0, 0, 0, 0, 0, 0, 3, 23, 88
"d:\Study\bishe2023.1\dev\XRengine\XRengine\3rdparty\spdlog\include\spdlog\sinks\syslog_sink.h", "C++", 0, 80, 0, 0, 0, 0, 0, 0, 0, 0, 0, 0, 0, 0, 0, 0, 0, 0, 13, 17, 110
"d:\Study\bishe2023.1\dev\XRengine\XRengine\3rdparty\spdlog\include\spdlog\sinks\systemd_sink.h", "C++", 0, 92, 0, 0, 0, 0, 0, 0, 0, 0, 0, 0, 0, 0, 0, 0, 0, 0, 9, 19, 120
"d:\Study\bishe2023.1\dev\XRengine\XRengine\3rdparty\spdlog\include\spdlog\sinks\tcp_sink.h", "C++", 0, 58, 0, 0, 0, 0, 0, 0, 0, 0, 0, 0, 0, 0, 0, 0, 0, 0, 8, 16, 82
"d:\Study\bishe2023.1\dev\XRengine\XRengine\3rdparty\spdlog\include\spdlog\sinks\udp_sink.h", "C++", 0, 51, 0, 0, 0, 0, 0, 0, 0, 0, 0, 0, 0, 0, 0, 0, 0, 0, 8, 16, 75
"d:\Study\bishe2023.1\dev\XRengine\XRengine\3rdparty\spdlog\include\spdlog\sinks\win_eventlog_sink.h", "C++", 0, 195, 0, 0, 0, 0, 0, 0, 0, 0, 0, 0, 0, 0, 0, 0, 0, 0, 42, 53, 290
"d:\Study\bishe2023.1\dev\XRengine\XRengine\3rdparty\spdlog\include\spdlog\sinks\wincolor_sink-inl.h", "C++", 0, 139, 0, 0, 0, 0, 0, 0, 0, 0, 0, 0, 0, 0, 0, 0, 0, 0, 15, 22, 176
"d:\Study\bishe2023.1\dev\XRengine\XRengine\3rdparty\spdlog\include\spdlog\sinks\wincolor_sink.h", "C++", 0, 59, 0, 0, 0, 0, 0, 0, 0, 0, 0, 0, 0, 0, 0, 0, 0, 0, 10, 17, 86
"d:\Study\bishe2023.1\dev\XRengine\XRengine\3rdparty\spdlog\include\spdlog\spdlog-inl.h", "C++", 0, 92, 0, 0, 0, 0, 0, 0, 0, 0, 0, 0, 0, 0, 0, 0, 0, 0, 2, 27, 121
"d:\Study\bishe2023.1\dev\XRengine\XRengine\3rdparty\spdlog\include\spdlog\spdlog.h", "C++", 0, 220, 0, 0, 0, 0, 0, 0, 0, 0, 0, 0, 0, 0, 0, 0, 0, 0, 68, 67, 355
"d:\Study\bishe2023.1\dev\XRengine\XRengine\3rdparty\spdlog\include\spdlog\stopwatch.h", "C++", 0, 39, 0, 0, 0, 0, 0, 0, 0, 0, 0, 0, 0, 0, 0, 0, 0, 0, 21, 10, 70
"d:\Study\bishe2023.1\dev\XRengine\XRengine\3rdparty\spdlog\include\spdlog\tweakme.h", "C++", 0, 1, 0, 0, 0, 0, 0, 0, 0, 0, 0, 0, 0, 0, 0, 0, 0, 0, 120, 20, 141
"d:\Study\bishe2023.1\dev\XRengine\XRengine\3rdparty\spdlog\include\spdlog\version.h", "C++", 0, 5, 0, 0, 0, 0, 0, 0, 0, 0, 0, 0, 0, 0, 0, 0, 0, 0, 2, 4, 11
"d:\Study\bishe2023.1\dev\XRengine\XRengine\3rdparty\spdlog\logos\jetbrains-variant-4.svg", "XML", 43, 0, 0, 0, 0, 0, 0, 0, 0, 0, 0, 0, 0, 0, 0, 0, 0, 0, 0, 1, 44
"d:\Study\bishe2023.1\dev\XRengine\XRengine\3rdparty\spdlog\scripts\ci_setup_clang.sh", "Shell Script", 0, 0, 0, 7, 0, 0, 0, 0, 0, 0, 0, 0, 0, 0, 0, 0, 0, 0, 1, 5, 13
"d:\Study\bishe2023.1\dev\XRengine\XRengine\3rdparty\spdlog\scripts\extract_version.py", "Python", 0, 0, 0, 0, 0, 0, 0, 0, 12, 0, 0, 0, 0, 0, 0, 0, 0, 0, 1, 5, 18
"d:\Study\bishe2023.1\dev\XRengine\XRengine\3rdparty\spdlog\scripts\format.sh", "Shell Script", 0, 0, 0, 11, 0, 0, 0, 0, 0, 0, 0, 0, 0, 0, 0, 0, 0, 0, 1, 5, 17
"d:\Study\bishe2023.1\dev\XRengine\XRengine\3rdparty\spdlog\src\async.cpp", "C++", 0, 7, 0, 0, 0, 0, 0, 0, 0, 0, 0, 0, 0, 0, 0, 0, 0, 0, 2, 3, 12
"d:\Study\bishe2023.1\dev\XRengine\XRengine\3rdparty\spdlog\src\bundled_fmtlib_format.cpp", "C++", 0, 29, 0, 0, 0, 0, 0, 0, 0, 0, 0, 0, 0, 0, 0, 0, 0, 0, 8, 16, 53
"d:\Study\bishe2023.1\dev\XRengine\XRengine\3rdparty\spdlog\src\cfg.cpp", "C++", 0, 4, 0, 0, 0, 0, 0, 0, 0, 0, 0, 0, 0, 0, 0, 0, 0, 0, 2, 3, 9
"d:\Study\bishe2023.1\dev\XRengine\XRengine\3rdparty\spdlog\src\color_sinks.cpp", "C++", 0, 40, 0, 0, 0, 0, 0, 0, 0, 0, 0, 0, 0, 0, 0, 0, 0, 0, 6, 6, 52
"d:\Study\bishe2023.1\dev\XRengine\XRengine\3rdparty\spdlog\src\file_sinks.cpp", "C++", 0, 13, 0, 0, 0, 0, 0, 0, 0, 0, 0, 0, 0, 0, 0, 0, 0, 0, 2, 6, 21
"d:\Study\bishe2023.1\dev\XRengine\XRengine\3rdparty\spdlog\src\spdlog.cpp", "C++", 0, 19, 0, 0, 0, 0, 0, 0, 0, 0, 0, 0, 0, 0, 0, 0, 0, 0, 3, 5, 27
"d:\Study\bishe2023.1\dev\XRengine\XRengine\3rdparty\spdlog\src\stdout_sinks.cpp", "C++", 0, 21, 0, 0, 0, 0, 0, 0, 0, 0, 0, 0, 0, 0, 0, 0, 0, 0, 2, 7, 30
"d:\Study\bishe2023.1\dev\XRengine\XRengine\3rdparty\spdlog\tests\CMakeLists.txt", "CMake", 0, 0, 58, 0, 0, 0, 0, 0, 0, 0, 0, 0, 0, 0, 0, 0, 0, 0, 3, 11, 72
"d:\Study\bishe2023.1\dev\XRengine\XRengine\3rdparty\spdlog\tests\catch.hpp", "C++", 0, 13700, 0, 0, 0, 0, 0, 0, 0, 0, 0, 0, 0, 0, 0, 0, 0, 0, 1116, 3144, 17960
"d:\Study\bishe2023.1\dev\XRengine\XRengine\3rdparty\spdlog\tests\includes.h", "C++", 0, 32, 0, 0, 0, 0, 0, 0, 0, 0, 0, 0, 0, 0, 0, 0, 0, 0, 0, 5, 37
"d:\Study\bishe2023.1\dev\XRengine\XRengine\3rdparty\spdlog\tests\main.cpp", "C++", 0, 9, 0, 0, 0, 0, 0, 0, 0, 0, 0, 0, 0, 0, 0, 0, 0, 0, 0, 3, 12
"d:\Study\bishe2023.1\dev\XRengine\XRengine\3rdparty\spdlog\tests\test_async.cpp", "C++", 0, 163, 0, 0, 0, 0, 0, 0, 0, 0, 0, 0, 0, 0, 0, 0, 0, 0, 1, 27, 191
"d:\Study\bishe2023.1\dev\XRengine\XRengine\3rdparty\spdlog\tests\test_backtrace.cpp", "C++", 0, 64, 0, 0, 0, 0, 0, 0, 0, 0, 0, 0, 0, 0, 0, 0, 0, 0, 0, 15, 79
"d:\Study\bishe2023.1\dev\XRengine\XRengine\3rdparty\spdlog\tests\test_cfg.cpp", "C++", 0, 153, 0, 0, 0, 0, 0, 0, 0, 0, 0, 0, 0, 0, 0, 0, 0, 0, 0, 31, 184
"d:\Study\bishe2023.1\dev\XRengine\XRengine\3rdparty\spdlog\tests\test_create_dir.cpp", "C++", 0, 63, 0, 0, 0, 0, 0, 0, 0, 0, 0, 0, 0, 0, 0, 0, 0, 0, 4, 9, 76
"d:\Study\bishe2023.1\dev\XRengine\XRengine\3rdparty\spdlog\tests\test_custom_callbacks.cpp", "C++", 0, 26, 0, 0, 0, 0, 0, 0, 0, 0, 0, 0, 0, 0, 0, 0, 0, 0, 3, 6, 35
"d:\Study\bishe2023.1\dev\XRengine\XRengine\3rdparty\spdlog\tests\test_daily_logger.cpp", "C++", 0, 135, 0, 0, 0, 0, 0, 0, 0, 0, 0, 0, 0, 0, 0, 0, 0, 0, 14, 35, 184
"d:\Study\bishe2023.1\dev\XRengine\XRengine\3rdparty\spdlog\tests\test_dup_filter.cpp", "C++", 0, 71, 0, 0, 0, 0, 0, 0, 0, 0, 0, 0, 0, 0, 0, 0, 0, 0, 0, 20, 91
"d:\Study\bishe2023.1\dev\XRengine\XRengine\3rdparty\spdlog\tests\test_errors.cpp", "C++", 0, 102, 0, 0, 0, 0, 0, 0, 0, 0, 0, 0, 0, 0, 0, 0, 0, 0, 4, 16, 122
"d:\Study\bishe2023.1\dev\XRengine\XRengine\3rdparty\spdlog\tests\test_eventlog.cpp", "C++", 0, 53, 0, 0, 0, 0, 0, 0, 0, 0, 0, 0, 0, 0, 0, 0, 0, 0, 0, 19, 72
"d:\Study\bishe2023.1\dev\XRengine\XRengine\3rdparty\spdlog\tests\test_file_helper.cpp", "C++", 0, 145, 0, 0, 0, 0, 0, 0, 0, 0, 0, 0, 0, 0, 0, 0, 0, 0, 5, 19, 169
"d:\Study\bishe2023.1\dev\XRengine\XRengine\3rdparty\spdlog\tests\test_file_logging.cpp", "C++", 0, 81, 0, 0, 0, 0, 0, 0, 0, 0, 0, 0, 0, 0, 0, 0, 0, 0, 7, 22, 110
"d:\Study\bishe2023.1\dev\XRengine\XRengine\3rdparty\spdlog\tests\test_fmt_helper.cpp", "C++", 0, 76, 0, 0, 0, 0, 0, 0, 0, 0, 0, 0, 0, 0, 0, 0, 0, 0, 0, 15, 91
"d:\Study\bishe2023.1\dev\XRengine\XRengine\3rdparty\spdlog\tests\test_macros.cpp", "C++", 0, 38, 0, 0, 0, 0, 0, 0, 0, 0, 0, 0, 0, 0, 0, 0, 0, 0, 3, 14, 55
"d:\Study\bishe2023.1\dev\XRengine\XRengine\3rdparty\spdlog\tests\test_misc.cpp", "C++", 0, 210, 0, 0, 0, 0, 0, 0, 0, 0, 0, 0, 0, 0, 0, 0, 0, 0, 5, 57, 272
"d:\Study\bishe2023.1\dev\XRengine\XRengine\3rdparty\spdlog\tests\test_mpmc_q.cpp", "C++", 0, 101, 0, 0, 0, 0, 0, 0, 0, 0, 0, 0, 0, 0, 0, 0, 0, 0, 1, 25, 127
"d:\Study\bishe2023.1\dev\XRengine\XRengine\3rdparty\spdlog\tests\test_pattern_formatter.cpp", "C++", 0, 402, 0, 0, 0, 0, 0, 0, 0, 0, 0, 0, 0, 0, 0, 0, 0, 0, 9, 91, 502
"d:\Study\bishe2023.1\dev\XRengine\XRengine\3rdparty\spdlog\tests\test_registry.cpp", "C++", 0, 97, 0, 0, 0, 0, 0, 0, 0, 0, 0, 0, 0, 0, 0, 0, 0, 0, 6, 14, 117
"d:\Study\bishe2023.1\dev\XRengine\XRengine\3rdparty\spdlog\tests\test_sink.h", "C++", 0, 60, 0, 0, 0, 0, 0, 0, 0, 0, 0, 0, 0, 0, 0, 0, 0, 0, 6, 14, 80
"d:\Study\bishe2023.1\dev\XRengine\XRengine\3rdparty\spdlog\tests\test_stdout_api.cpp", "C++", 0, 84, 0, 0, 0, 0, 0, 0, 0, 0, 0, 0, 0, 0, 0, 0, 0, 0, 4, 11, 99
"d:\Study\bishe2023.1\dev\XRengine\XRengine\3rdparty\spdlog\tests\test_stopwatch.cpp", "C++", 0, 38, 0, 0, 0, 0, 0, 0, 0, 0, 0, 0, 0, 0, 0, 0, 0, 0, 0, 7, 45
"d:\Study\bishe2023.1\dev\XRengine\XRengine\3rdparty\spdlog\tests\test_systemd.cpp", "C++", 0, 14, 0, 0, 0, 0, 0, 0, 0, 0, 0, 0, 0, 0, 0, 0, 0, 0, 0, 2, 16
"d:\Study\bishe2023.1\dev\XRengine\XRengine\3rdparty\spdlog\tests\test_time_point.cpp", "C++", 0, 29, 0, 0, 0, 0, 0, 0, 0, 0, 0, 0, 0, 0, 0, 0, 0, 0, 2, 6, 37
"d:\Study\bishe2023.1\dev\XRengine\XRengine\3rdparty\spdlog\tests\utils.cpp", "C++", 0, 110, 0, 0, 0, 0, 0, 0, 0, 0, 0, 0, 0, 0, 0, 0, 0, 0, 4, 14, 128
"d:\Study\bishe2023.1\dev\XRengine\XRengine\3rdparty\spdlog\tests\utils.h", "C++", 0, 10, 0, 0, 0, 0, 0, 0, 0, 0, 0, 0, 0, 0, 0, 0, 0, 0, 0, 8, 18
"d:\Study\bishe2023.1\dev\XRengine\XRengine\XRengine.vcxproj", "XML", 198, 0, 0, 0, 0, 0, 0, 0, 0, 0, 0, 0, 0, 0, 0, 0, 0, 0, 0, 0, 198
"Total", "-", 1439, 141097, 1202, 20, 2751, 134, 30774, 707, 12, 1996, 3070, 1, 102, 32, 98, 330, 52, 22, 40175, 28740, 252754